obs_size=59  state_size=102  n_actions=21
[checkpoint] resumed from /cs377/marl/results/checkpoints/cs377-2v2-mappo-12-fast/checkpoint_2641170_final.pt
wandb: [wandb.login()] Loaded credentials for https://api.wandb.ai from WANDB_API_KEY.
wandb: Currently logged in as: moonlight_ (checkcheckcheck) to https://api.wandb.ai. Use `wandb login --relogin` to force relogin
wandb: setting up run 34454cdn
wandb: Tracking run with wandb version 0.26.1
wandb: Run data is saved locally in /workspace/wandb/run-20260601_163429-34454cdn
wandb: Run `wandb offline` to turn off syncing.
wandb: Syncing run cs377-2v2-mappo-13-2v2items
wandb: ⭐️ View project at https://wandb.ai/checkcheckcheck/mario-kart-rl
wandb: 🚀 View run at https://wandb.ai/checkcheckcheck/mario-kart-rl/runs/34454cdn
The XKEYBOARD keymap compiler (xkbcomp) reports:
> Warning:          Could not resolve keysym XF86CameraAccessEnable
> Warning:          Could not resolve keysym XF86CameraAccessDisable
> Warning:          Could not resolve keysym XF86CameraAccessToggle
> Warning:          Could not resolve keysym XF86NextElement
> Warning:          Could not resolve keysym XF86PreviousElement
> Warning:          Could not resolve keysym XF86AutopilotEngageToggle
> Warning:          Could not resolve keysym XF86MarkWaypoint
> Warning:          Could not resolve keysym XF86Sos
> Warning:          Could not resolve keysym XF86NavChart
> Warning:          Could not resolve keysym XF86FishingChart
> Warning:          Could not resolve keysym XF86SingleRangeRadar
> Warning:          Could not resolve keysym XF86DualRangeRadar
> Warning:          Could not resolve keysym XF86RadarOverlay
> Warning:          Could not resolve keysym XF86TraditionalSonar
> Warning:          Could not resolve keysym XF86ClearvuSonar
> Warning:          Could not resolve keysym XF86SidevuSonar
> Warning:          Could not resolve keysym XF86NavInfo
Errors from xkbcomp are not fatal to the X server
01/06/2026 16:34:30 passing arg to libvncserver: -rfbport
01/06/2026 16:34:30 passing arg to libvncserver: 5900
01/06/2026 16:34:30 x11vnc version: 0.9.16 lastmod: 2019-01-05  pid: 5113
01/06/2026 16:34:30 Using X display :0
01/06/2026 16:34:30 rootwin: 0x3a7 reswin: 0x200001 dpy: 0x366ff3f0
01/06/2026 16:34:30 
01/06/2026 16:34:30 ------------------ USEFUL INFORMATION ------------------
01/06/2026 16:34:30 X DAMAGE available on display, using it for polling hints.
01/06/2026 16:34:30   To disable this behavior use: '-noxdamage'
01/06/2026 16:34:30 
01/06/2026 16:34:30   Most compositing window managers like 'compiz' or 'beryl'
01/06/2026 16:34:30   cause X DAMAGE to fail, and so you may not see any screen
01/06/2026 16:34:30   updates via VNC.  Either disable 'compiz' (recommended) or
01/06/2026 16:34:30   supply the x11vnc '-noxdamage' command line option.
01/06/2026 16:34:30 
01/06/2026 16:34:30 Wireframing: -wireframe mode is in effect for window moves.
01/06/2026 16:34:30   If this yields undesired behavior (poor response, painting
01/06/2026 16:34:30   errors, etc) it may be disabled:
01/06/2026 16:34:30    - use '-nowf' to disable wireframing completely.
01/06/2026 16:34:30    - use '-nowcr' to disable the Copy Rectangle after the
01/06/2026 16:34:30      moved window is released in the new position.
01/06/2026 16:34:30   Also see the -help entry for tuning parameters.
01/06/2026 16:34:30   You can press 3 Alt_L's (Left "Alt" key) in a row to 
01/06/2026 16:34:30   repaint the screen, also see the -fixscreen option for
01/06/2026 16:34:30   periodic repaints.
01/06/2026 16:34:30 
01/06/2026 16:34:30 XFIXES available on display, resetting cursor mode
01/06/2026 16:34:30   to: '-cursor most'.
01/06/2026 16:34:30   to disable this behavior use: '-cursor arrow'
01/06/2026 16:34:30   or '-noxfixes'.
01/06/2026 16:34:30 using XFIXES for cursor drawing.
01/06/2026 16:34:30 GrabServer control via XTEST.
01/06/2026 16:34:30 
01/06/2026 16:34:30 Scroll Detection: -scrollcopyrect mode is in effect to
01/06/2026 16:34:30   use RECORD extension to try to detect scrolling windows
01/06/2026 16:34:30   (induced by either user keystroke or mouse input).
01/06/2026 16:34:30   If this yields undesired behavior (poor response, painting
01/06/2026 16:34:30   errors, etc) it may be disabled via: '-noscr'
01/06/2026 16:34:30   Also see the -help entry for tuning parameters.
01/06/2026 16:34:30   You can press 3 Alt_L's (Left "Alt" key) in a row to 
01/06/2026 16:34:30   repaint the screen, also see the -fixscreen option for
01/06/2026 16:34:30   periodic repaints.
01/06/2026 16:34:30 
01/06/2026 16:34:30 XKEYBOARD: number of keysyms per keycode 7 is greater
01/06/2026 16:34:30   than 4 and 51 keysyms are mapped above 4.
01/06/2026 16:34:30   Automatically switching to -xkb mode.
01/06/2026 16:34:30   If this makes the key mapping worse you can
01/06/2026 16:34:30   disable it with the "-noxkb" option.
01/06/2026 16:34:30   Also, remember "-remap DEAD" for accenting characters.
01/06/2026 16:34:30 
01/06/2026 16:34:30 X FBPM extension not supported.
Xlib:  extension "DPMS" missing on display ":0".
01/06/2026 16:34:30 X display is not capable of DPMS.
01/06/2026 16:34:30 --------------------------------------------------------
01/06/2026 16:34:30 
01/06/2026 16:34:30 Default visual ID: 0x21
01/06/2026 16:34:30 Read initial data from X display into framebuffer.
01/06/2026 16:34:30 initialize_screen: fb_depth/fb_bpp/fb_Bpl 24/32/2560
01/06/2026 16:34:30 
01/06/2026 16:34:30 X display :0 is 32bpp depth=24 true color
01/06/2026 16:34:30 
01/06/2026 16:34:30 Listening for VNC connections on TCP port 5900
01/06/2026 16:34:30 Listening for VNC connections on TCP6 port 5900
01/06/2026 16:34:30 listen6: bind: Address already in use
01/06/2026 16:34:30 Not listening on IPv6 interface.
01/06/2026 16:34:30 
01/06/2026 16:34:30 Xinerama is present and active (e.g. multi-head).
01/06/2026 16:34:30 Xinerama: number of sub-screens: 1
01/06/2026 16:34:30 Xinerama: no blackouts needed (only one sub-screen)
01/06/2026 16:34:30 
01/06/2026 16:34:30 fb read rate: 1230 MB/sec
01/06/2026 16:34:30 fast read: reset -wait  ms to: 10
01/06/2026 16:34:30 fast read: reset -defer ms to: 10
01/06/2026 16:34:30 The X server says there are 10 mouse buttons.
01/06/2026 16:34:30 screen setup finished.
01/06/2026 16:34:30 

The VNC desktop is:      1c49e4efd1c2:0

******************************************************************************
Have you tried the x11vnc '-ncache' VNC client-side pixel caching feature yet?

The scheme stores pixel data offscreen on the VNC viewer side for faster
retrieval.  It should work with any VNC viewer.  Try it by running:

    x11vnc -ncache 10 ...

One can also add -ncache_cr for smooth 'copyrect' window motion.
More info: http://www.karlrunge.com/x11vnc/faq.html#faq-client-caching

QStandardPaths: XDG_RUNTIME_DIR not set, defaulting to '/tmp/runtime-root'
sh: 1: xdg-mime: not found
WebSocket server settings:
  - Listen on :6080
  - Web server. Web root: /usr/share/novnc
  - No SSL/TLS support (no cert file)
  - proxying from :6080 to localhost:5900
ALSA lib confmisc.c:855:(parse_card) cannot find card '0'
ALSA lib conf.c:5204:(_snd_config_evaluate) function snd_func_card_inum returned error: No such file or directory
ALSA lib confmisc.c:422:(snd_func_concat) error evaluating strings
ALSA lib conf.c:5204:(_snd_config_evaluate) function snd_func_concat returned error: No such file or directory
ALSA lib confmisc.c:1342:(snd_func_refer) error evaluating name
ALSA lib conf.c:5204:(_snd_config_evaluate) function snd_func_refer returned error: No such file or directory
ALSA lib conf.c:5727:(snd_config_expand) Evaluate error: No such file or directory
ALSA lib pcm.c:2721:(snd_pcm_open_noupdate) Unknown PCM default
diverse starts: 1 options (0 at start line, 1 mid-track)
[iter     1] ts=     3,588  eplen= 3588T  rew=+3.858  start=0.98 completion=1.402 prog=+0.42  win=1  pool=1  speed=25.9  wheelie=0.13 drift=0.11
[iter     2] ts=     7,140  eplen= 3552T  rew=+4.049  start=0.98 completion=1.376 prog=+0.40  win=0  pool=1  speed=21.9  wheelie=0.18 drift=0.05
[iter     3] ts=    13,104  eplen= 5964T  rew=+3.720  start=0.98 completion=1.328 prog=+0.35  win=0  pool=1  speed=12.8  wheelie=0.15 drift=0.05
[iter     4] ts=    17,940  eplen= 4836T  rew=+4.555  start=0.98 completion=1.379 prog=+0.40  win=0  pool=1  speed=17.3  wheelie=0.16 drift=0.13
[iter     5] ts=    23,778  eplen= 5838T  rew=+3.296  start=0.98 completion=1.383 prog=+0.41  win=0  pool=1  speed=15.0  wheelie=0.09 drift=0.13
[iter     6] ts=    32,922  eplen= 9144T  rew=+2.823  start=0.98 completion=1.378 prog=+0.40  win=0  pool=1  speed=8.8  wheelie=0.10 drift=0.12
[iter     7] ts=    40,416  eplen= 7494T  rew=+3.765  start=0.98 completion=1.378 prog=+0.40  win=0  pool=1  speed=11.2  wheelie=0.09 drift=0.14
[iter     8] ts=    44,052  eplen= 3636T  rew=+3.906  start=0.98 completion=1.382 prog=+0.40  win=0  pool=1  speed=23.1  wheelie=0.09 drift=0.13
[iter     9] ts=    52,164  eplen= 8112T  rew=+4.091  start=0.98 completion=1.383 prog=+0.41  win=0  pool=1  speed=10.7  wheelie=0.08 drift=0.14
[iter    10] ts=    56,400  eplen= 4236T  rew=+3.104  start=0.98 completion=1.386 prog=+0.41  win=0  pool=1  speed=18.1  wheelie=0.08 drift=0.08
[iter    11] ts=    63,282  eplen= 6882T  rew=+4.166  start=0.98 completion=1.375 prog=+0.40  win=0  pool=1  speed=12.1  wheelie=0.07 drift=0.12
[iter    12] ts=    66,510  eplen= 3228T  rew=+4.124  start=0.98 completion=1.406 prog=+0.43  win=0  pool=1  speed=25.7  wheelie=0.08 drift=0.10
[iter    13] ts=    70,812  eplen= 4302T  rew=+4.119  start=0.98 completion=1.383 prog=+0.41  win=0  pool=1  speed=20.9  wheelie=0.06 drift=0.15
[iter    14] ts=    74,928  eplen= 4116T  rew=+4.140  start=0.98 completion=1.376 prog=+0.40  win=0  pool=1  speed=21.0  wheelie=0.06 drift=0.16
[iter    15] ts=    80,820  eplen= 5892T  rew=+3.808  start=0.98 completion=1.384 prog=+0.41  win=0  pool=1  speed=13.7  wheelie=0.04 drift=0.16
[iter    16] ts=    85,896  eplen= 5076T  rew=+3.732  start=0.98 completion=1.387 prog=+0.41  win=0  pool=1  speed=17.6  wheelie=0.05 drift=0.16
[iter    17] ts=    90,798  eplen= 4902T  rew=+3.719  start=0.98 completion=1.379 prog=+0.40  win=0  pool=1  speed=15.3  wheelie=0.05 drift=0.16
[iter    18] ts=   101,580  eplen=10782T  rew=+3.161  start=0.98 completion=1.372 prog=+0.39  win=0  pool=1  speed=7.8  wheelie=0.05 drift=0.19
[iter    19] ts=   106,182  eplen= 4602T  rew=+4.324  start=0.98 completion=1.380 prog=+0.40  win=0  pool=1  speed=17.9  wheelie=0.05 drift=0.10
[iter    20] ts=   110,112  eplen= 3930T  rew=+4.106  start=0.98 completion=1.376 prog=+0.40  win=0  pool=1  speed=20.9  wheelie=0.04 drift=0.16
[iter    21] ts=   113,946  eplen= 3834T  rew=+4.038  start=0.98 completion=1.380 prog=+0.40  win=0  pool=1  speed=21.7  wheelie=0.04 drift=0.17
[iter    22] ts=   118,278  eplen= 4332T  rew=+3.517  start=0.98 completion=1.374 prog=+0.40  win=0  pool=1  speed=18.7  wheelie=0.05 drift=0.19
[iter    23] ts=   126,996  eplen= 8718T  rew=+2.593  start=0.98 completion=1.373 prog=+0.40  win=0  pool=1  speed=8.9  wheelie=0.05 drift=0.20
[iter    24] ts=   133,410  eplen= 6414T  rew=+3.754  start=0.98 completion=1.371 prog=+0.39  win=0  pool=1  speed=11.8  wheelie=0.05 drift=0.17
[iter    25] ts=   136,404  eplen= 2994T  rew=+4.024  start=0.98 completion=1.384 prog=+0.41  win=0  pool=1  speed=25.7  wheelie=0.06 drift=0.12
[iter    26] ts=   139,470  eplen= 3066T  rew=+3.786  start=0.98 completion=1.375 prog=+0.40  win=0  pool=1  speed=24.8  wheelie=0.04 drift=0.17
[iter    27] ts=   142,626  eplen= 3156T  rew=+3.737  start=0.98 completion=1.386 prog=+0.41  win=1  pool=1  speed=25.7  wheelie=0.06 drift=0.17
[iter    28] ts=   146,856  eplen= 4230T  rew=+3.799  start=0.98 completion=1.452 prog=+0.47  win=1  pool=1  speed=25.4  wheelie=0.15 drift=0.11
[iter    29] ts=   152,106  eplen= 5250T  rew=+4.282  start=0.98 completion=1.366 prog=+0.39  win=0  pool=1  speed=15.1  wheelie=0.04 drift=0.16
[iter    30] ts=   158,820  eplen= 6714T  rew=+5.307  start=0.98 completion=1.779 prog=+0.80  win=1  pool=1  speed=21.3  wheelie=0.08 drift=0.04
[iter    31] ts=   162,126  eplen= 3306T  rew=+3.758  start=0.98 completion=1.377 prog=+0.40  win=0  pool=1  speed=23.0  wheelie=0.04 drift=0.18
[iter    32] ts=   166,230  eplen= 4104T  rew=+3.595  start=0.98 completion=1.397 prog=+0.42  win=1  pool=1  speed=19.6  wheelie=0.10 drift=0.09
[iter    33] ts=   170,826  eplen= 4596T  rew=+3.660  start=0.98 completion=1.381 prog=+0.40  win=0  pool=1  speed=16.1  wheelie=0.06 drift=0.22
[iter    34] ts=   173,760  eplen= 2934T  rew=+3.860  start=0.98 completion=1.396 prog=+0.42  win=1  pool=1  speed=26.2  wheelie=0.12 drift=0.13
[iter    35] ts=   175,338  eplen= 1578T  rew=+2.465  start=0.98 completion=1.165 prog=+0.19  win=0  pool=1  speed=18.7  wheelie=0.02 drift=0.06
[iter    36] ts=   178,494  eplen= 3156T  rew=+3.950  start=0.98 completion=1.372 prog=+0.39  win=0  pool=1  speed=24.7  wheelie=0.06 drift=0.15
[iter    37] ts=   184,344  eplen= 5850T  rew=+3.482  start=0.98 completion=1.380 prog=+0.40  win=0  pool=1  speed=13.6  wheelie=0.04 drift=0.24
[iter    38] ts=   187,344  eplen= 3000T  rew=+4.277  start=0.98 completion=1.375 prog=+0.40  win=0  pool=1  speed=25.4  wheelie=0.07 drift=0.13
[iter    39] ts=   194,556  eplen= 7212T  rew=+3.483  start=0.98 completion=1.374 prog=+0.40  win=0  pool=1  speed=10.9  wheelie=0.06 drift=0.18
[iter    40] ts=   198,450  eplen= 3894T  rew=+3.426  start=0.98 completion=1.389 prog=+0.41  win=0  pool=1  speed=21.6  wheelie=0.07 drift=0.13
[iter    41] ts=   201,294  eplen= 2844T  rew=+3.926  start=0.98 completion=1.371 prog=+0.39  win=0  pool=1  speed=25.1  wheelie=0.06 drift=0.17
[iter    42] ts=   204,486  eplen= 3192T  rew=+3.481  start=0.98 completion=1.358 prog=+0.38  win=1  pool=1  speed=26.0  wheelie=0.08 drift=0.15
[iter    43] ts=   207,666  eplen= 3180T  rew=+4.445  start=0.98 completion=1.378 prog=+0.40  win=0  pool=1  speed=26.7  wheelie=0.08 drift=0.13
[iter    44] ts=   210,522  eplen= 2856T  rew=+4.449  start=0.98 completion=1.391 prog=+0.41  win=0  pool=1  speed=28.0  wheelie=0.09 drift=0.13
[iter    45] ts=   214,002  eplen= 3480T  rew=+3.829  start=0.98 completion=1.400 prog=+0.42  win=1  pool=1  speed=23.9  wheelie=0.13 drift=0.08
[iter    46] ts=   217,668  eplen= 3666T  rew=+4.295  start=0.98 completion=1.455 prog=+0.48  win=1  pool=1  speed=26.4  wheelie=0.12 drift=0.09
[iter    47] ts=   225,684  eplen= 8016T  rew=+2.747  start=0.98 completion=1.388 prog=+0.41  win=0  pool=1  speed=9.0  wheelie=0.07 drift=0.30
[iter    48] ts=   232,824  eplen= 7140T  rew=+2.534  start=0.98 completion=1.385 prog=+0.41  win=0  pool=1  speed=10.6  wheelie=0.08 drift=0.34
[iter    49] ts=   239,136  eplen= 6312T  rew=+3.310  start=0.98 completion=1.380 prog=+0.40  win=0  pool=1  speed=12.0  wheelie=0.11 drift=0.21
[iter    50] ts=   244,152  eplen= 5016T  rew=+3.881  start=0.98 completion=1.353 prog=+0.38  win=0  pool=1  speed=14.7  wheelie=0.09 drift=0.14
[iter    51] ts=   258,138  eplen=13986T  rew=+3.158  start=0.98 completion=1.790 prog=+0.81  win=1  pool=1  speed=12.1  wheelie=0.04 drift=0.03
[iter    52] ts=   260,682  eplen= 2544T  rew=+3.679  start=0.98 completion=1.316 prog=+0.34  win=0  pool=1  speed=28.2  wheelie=0.11 drift=0.13
[iter    53] ts=   263,328  eplen= 2646T  rew=+4.235  start=0.98 completion=1.360 prog=+0.38  win=1  pool=1  speed=29.9  wheelie=0.09 drift=0.14
[iter    54] ts=   267,684  eplen= 4356T  rew=+5.332  start=0.98 completion=1.577 prog=+0.60  win=1  pool=1  speed=25.2  wheelie=0.08 drift=0.09
[iter    55] ts=   270,360  eplen= 2676T  rew=+4.218  start=0.98 completion=1.367 prog=+0.39  win=1  pool=1  speed=29.9  wheelie=0.11 drift=0.13
[iter    56] ts=   273,540  eplen= 3180T  rew=+3.999  start=0.98 completion=1.398 prog=+0.42  win=1  pool=1  speed=33.1  wheelie=0.08 drift=0.17
[iter    57] ts=   276,534  eplen= 2994T  rew=+3.765  start=0.98 completion=1.373 prog=+0.40  win=1  pool=1  speed=24.6  wheelie=0.09 drift=0.12
[iter    58] ts=   280,896  eplen= 4362T  rew=+3.207  start=0.98 completion=1.402 prog=+0.42  win=0  pool=1  speed=20.0  wheelie=0.11 drift=0.13
[iter    59] ts=   285,090  eplen= 4194T  rew=+3.326  start=0.98 completion=1.359 prog=+0.38  win=0  pool=1  speed=16.8  wheelie=0.13 drift=0.20
[iter    60] ts=   300,954  eplen=15864T  rew=+2.801  start=0.98 completion=1.386 prog=+0.41  win=0  pool=1  speed=5.1  wheelie=0.18 drift=0.06
[iter    61] ts=   304,140  eplen= 3186T  rew=+3.851  start=0.98 completion=1.346 prog=+0.37  win=0  pool=1  speed=21.0  wheelie=0.10 drift=0.18
[iter    62] ts=   315,456  eplen=11316T  rew=+2.589  start=0.98 completion=1.797 prog=+0.82  win=1  pool=1  speed=13.1  wheelie=0.08 drift=0.03
[iter    63] ts=   319,602  eplen= 4146T  rew=+3.299  start=0.98 completion=1.370 prog=+0.39  win=0  pool=1  speed=17.0  wheelie=0.11 drift=0.27
[iter    64] ts=   323,304  eplen= 3702T  rew=+3.125  start=0.98 completion=1.285 prog=+0.31  win=0  pool=1  speed=15.3  wheelie=0.06 drift=0.21
[iter    65] ts=   327,390  eplen= 4086T  rew=+4.387  start=0.98 completion=1.459 prog=+0.48  win=0  pool=1  speed=22.7  wheelie=0.09 drift=0.13
[iter    66] ts=   332,814  eplen= 5424T  rew=+3.985  start=0.98 completion=1.368 prog=+0.39  win=0  pool=1  speed=14.2  wheelie=0.06 drift=0.11
[iter    67] ts=   337,068  eplen= 4254T  rew=+3.859  start=0.98 completion=1.459 prog=+0.48  win=1  pool=1  speed=22.5  wheelie=0.19 drift=0.11
[iter    68] ts=   341,208  eplen= 4140T  rew=+3.889  start=0.98 completion=1.368 prog=+0.39  win=0  pool=1  speed=18.4  wheelie=0.07 drift=0.17
[iter    69] ts=   346,524  eplen= 5316T  rew=+3.001  start=0.98 completion=1.378 prog=+0.40  win=0  pool=1  speed=13.0  wheelie=0.08 drift=0.20
[iter    70] ts=   350,394  eplen= 3870T  rew=+3.172  start=0.98 completion=1.390 prog=+0.41  win=0  pool=1  speed=18.7  wheelie=0.13 drift=0.11
[iter    71] ts=   356,568  eplen= 6174T  rew=+4.928  start=0.98 completion=1.719 prog=+0.74  win=1  pool=1  speed=20.7  wheelie=0.06 drift=0.05
[iter    72] ts=   363,708  eplen= 7140T  rew=+2.536  start=0.98 completion=1.520 prog=+0.54  win=1  pool=1  speed=14.1  wheelie=0.06 drift=0.03
[iter    73] ts=   366,414  eplen= 2706T  rew=+3.597  start=0.98 completion=1.356 prog=+0.38  win=1  pool=1  speed=26.2  wheelie=0.13 drift=0.14
[iter    74] ts=   368,760  eplen= 2346T  rew=+3.886  start=0.98 completion=1.345 prog=+0.37  win=0  pool=1  speed=26.9  wheelie=0.07 drift=0.22
[iter    75] ts=   378,252  eplen= 9492T  rew=+3.438  start=0.98 completion=1.762 prog=+0.79  win=1  pool=1  speed=14.9  wheelie=0.05 drift=0.02
[iter    76] ts=   384,240  eplen= 5988T  rew=+3.250  start=0.98 completion=1.374 prog=+0.40  win=0  pool=1  speed=11.6  wheelie=0.06 drift=0.25
[iter    77] ts=   387,192  eplen= 2952T  rew=+3.790  start=0.98 completion=1.356 prog=+0.38  win=0  pool=1  speed=22.5  wheelie=0.10 drift=0.18
[iter    78] ts=   391,218  eplen= 4026T  rew=+3.038  start=0.98 completion=1.388 prog=+0.41  win=1  pool=1  speed=17.5  wheelie=0.14 drift=0.22
[iter    79] ts=   394,920  eplen= 3702T  rew=+3.430  start=0.98 completion=1.388 prog=+0.41  win=0  pool=1  speed=21.6  wheelie=0.14 drift=0.09
[iter    80] ts=   399,180  eplen= 4260T  rew=+3.305  start=0.98 completion=1.411 prog=+0.43  win=1  pool=1  speed=19.2  wheelie=0.20 drift=0.08
[iter    81] ts=   402,378  eplen= 3198T  rew=+3.693  start=0.98 completion=1.397 prog=+0.42  win=1  pool=1  speed=24.0  wheelie=0.20 drift=0.14
[checkpoint] saved checkpoint_402378.pt
[iter    82] ts=   405,678  eplen= 3300T  rew=+3.704  start=0.98 completion=1.396 prog=+0.42  win=0  pool=1  speed=23.4  wheelie=0.20 drift=0.12
[iter    83] ts=   411,312  eplen= 5634T  rew=+4.144  start=0.98 completion=1.466 prog=+0.49  win=0  pool=1  speed=17.9  wheelie=0.11 drift=0.04
[iter    84] ts=   414,438  eplen= 3126T  rew=+3.945  start=0.98 completion=1.383 prog=+0.41  win=0  pool=1  speed=26.4  wheelie=0.21 drift=0.11
[iter    85] ts=   418,668  eplen= 4230T  rew=+3.242  start=0.98 completion=1.423 prog=+0.45  win=1  pool=1  speed=20.3  wheelie=0.25 drift=0.09
[iter    86] ts=   421,980  eplen= 3312T  rew=+3.697  start=0.98 completion=1.396 prog=+0.42  win=1  pool=1  speed=23.1  wheelie=0.20 drift=0.16
[iter    87] ts=   424,752  eplen= 2772T  rew=+3.406  start=0.98 completion=1.299 prog=+0.32  win=0  pool=1  speed=20.4  wheelie=0.16 drift=0.11
[iter    88] ts=   434,010  eplen= 9258T  rew=+3.361  start=0.98 completion=1.724 prog=+0.75  win=1  pool=1  speed=15.3  wheelie=0.17 drift=0.03
[iter    89] ts=   437,820  eplen= 3810T  rew=+5.129  start=0.98 completion=1.566 prog=+0.59  win=1  pool=1  speed=29.2  wheelie=0.24 drift=0.08
[iter    90] ts=   440,496  eplen= 2676T  rew=+3.859  start=0.98 completion=1.380 prog=+0.40  win=1  pool=1  speed=26.2  wheelie=0.20 drift=0.17
[iter    91] ts=   444,084  eplen= 3588T  rew=+3.889  start=0.98 completion=1.450 prog=+0.47  win=1  pool=1  speed=22.8  wheelie=0.31 drift=0.08
[iter    92] ts=   451,416  eplen= 7332T  rew=+3.725  start=0.98 completion=1.362 prog=+0.38  win=0  pool=1  speed=10.7  wheelie=0.13 drift=0.22
[iter    93] ts=   460,284  eplen= 8868T  rew=+4.287  start=0.98 completion=1.394 prog=+0.42  win=0  pool=1  speed=12.1  wheelie=0.19 drift=0.12
[iter    94] ts=   466,788  eplen= 6504T  rew=+3.067  start=0.98 completion=1.286 prog=+0.31  win=0  pool=1  speed=9.8  wheelie=0.17 drift=0.19
[iter    95] ts=   470,406  eplen= 3618T  rew=+4.057  start=0.98 completion=1.463 prog=+0.49  win=1  pool=1  speed=26.8  wheelie=0.35 drift=0.11
[iter    96] ts=   474,504  eplen= 4098T  rew=+2.702  start=0.98 completion=1.230 prog=+0.25  win=0  pool=1  speed=12.2  wheelie=0.23 drift=0.12
[iter    97] ts=   477,504  eplen= 3000T  rew=+3.639  start=0.98 completion=1.341 prog=+0.36  win=0  pool=1  speed=21.4  wheelie=0.26 drift=0.12
[iter    98] ts=   480,756  eplen= 3252T  rew=+3.609  start=0.98 completion=1.396 prog=+0.42  win=0  pool=1  speed=22.9  wheelie=0.21 drift=0.12
[iter    99] ts=   495,756  eplen=15000T  rew=+1.378  start=0.98 completion=1.927 prog=+0.95  win=1  pool=1  speed=11.3  wheelie=0.20 drift=0.02
[iter   100] ts=   499,110  eplen= 3354T  rew=+3.795  start=0.98 completion=1.374 prog=+0.40  win=0  pool=1  speed=20.6  wheelie=0.15 drift=0.25
[iter   101] ts=   502,986  eplen= 3876T  rew=+3.555  start=0.98 completion=1.400 prog=+0.42  win=0  pool=1  speed=20.6  wheelie=0.32 drift=0.11
[iter   102] ts=   507,912  eplen= 4926T  rew=+3.532  start=0.98 completion=1.483 prog=+0.51  win=1  pool=1  speed=18.6  wheelie=0.25 drift=0.08
[iter   103] ts=   512,976  eplen= 5064T  rew=+3.667  start=0.98 completion=1.553 prog=+0.58  win=1  pool=1  speed=21.3  wheelie=0.30 drift=0.07
[iter   104] ts=   515,928  eplen= 2952T  rew=+3.887  start=0.98 completion=1.383 prog=+0.41  win=0  pool=1  speed=26.8  wheelie=0.22 drift=0.17
[iter   105] ts=   525,456  eplen= 9528T  rew=+1.804  start=0.98 completion=1.579 prog=+0.60  win=0  pool=1  speed=11.5  wheelie=0.23 drift=0.08
[iter   106] ts=   542,388  eplen=16932T  rew=-0.915  start=0.98 completion=1.795 prog=+0.82  win=1  pool=1  speed=9.0  wheelie=0.20 drift=0.03
[iter   107] ts=   552,258  eplen= 9870T  rew=+4.339  start=0.98 completion=1.386 prog=+0.41  win=0  pool=1  speed=11.1  wheelie=0.16 drift=0.02
[iter   108] ts=   555,744  eplen= 3486T  rew=+4.140  start=0.98 completion=1.443 prog=+0.47  win=0  pool=1  speed=25.7  wheelie=0.27 drift=0.10
[iter   109] ts=   558,942  eplen= 3198T  rew=+3.774  start=0.98 completion=1.392 prog=+0.41  win=1  pool=1  speed=24.0  wheelie=0.25 drift=0.13
[iter   110] ts=   563,604  eplen= 4662T  rew=+4.161  start=0.98 completion=1.527 prog=+0.55  win=1  pool=1  speed=22.1  wheelie=0.13 drift=0.06
[iter   111] ts=   567,030  eplen= 3426T  rew=+3.882  start=0.98 completion=1.405 prog=+0.43  win=0  pool=1  speed=26.4  wheelie=0.22 drift=0.16
[iter   112] ts=   576,546  eplen= 9516T  rew=+3.731  start=0.98 completion=1.777 prog=+0.80  win=1  pool=1  speed=15.9  wheelie=0.08 drift=0.03
[iter   113] ts=   581,574  eplen= 5028T  rew=+5.911  start=0.98 completion=1.659 prog=+0.68  win=1  pool=1  speed=28.9  wheelie=0.15 drift=0.09
[iter   114] ts=   585,960  eplen= 4386T  rew=+4.637  start=0.98 completion=1.510 prog=+0.53  win=1  pool=1  speed=24.5  wheelie=0.16 drift=0.08
[iter   115] ts=   591,612  eplen= 5652T  rew=+5.385  start=0.98 completion=1.714 prog=+0.74  win=1  pool=1  speed=23.5  wheelie=0.07 drift=0.05
[iter   116] ts=   594,270  eplen= 2658T  rew=+3.943  start=0.98 completion=1.351 prog=+0.37  win=0  pool=1  speed=27.9  wheelie=0.20 drift=0.12
[iter   117] ts=   597,726  eplen= 3456T  rew=+3.993  start=0.98 completion=1.389 prog=+0.41  win=0  pool=1  speed=24.1  wheelie=0.14 drift=0.11
[iter   118] ts=   605,298  eplen= 7572T  rew=+4.553  start=0.98 completion=1.734 prog=+0.76  win=1  pool=1  speed=19.0  wheelie=0.09 drift=0.05
[iter   119] ts=   608,550  eplen= 3252T  rew=+4.810  start=0.98 completion=1.441 prog=+0.46  win=1  pool=1  speed=28.9  wheelie=0.15 drift=0.12
[iter   120] ts=   615,372  eplen= 6822T  rew=+5.287  start=0.98 completion=1.739 prog=+0.76  win=1  pool=1  speed=22.9  wheelie=0.08 drift=0.09
[iter   121] ts=   618,588  eplen= 3216T  rew=+4.295  start=0.98 completion=1.419 prog=+0.44  win=1  pool=1  speed=26.8  wheelie=0.17 drift=0.13
[iter   122] ts=   621,876  eplen= 3288T  rew=+4.539  start=0.98 completion=1.462 prog=+0.48  win=1  pool=1  speed=28.9  wheelie=0.17 drift=0.16
[iter   123] ts=   625,314  eplen= 3438T  rew=+3.322  start=0.98 completion=1.346 prog=+0.37  win=0  pool=1  speed=19.8  wheelie=0.14 drift=0.11
[iter   124] ts=   629,730  eplen= 4416T  rew=+4.961  start=0.98 completion=1.493 prog=+0.52  win=0  pool=1  speed=25.0  wheelie=0.13 drift=0.08
[iter   125] ts=   633,504  eplen= 3774T  rew=+4.836  start=0.98 completion=1.392 prog=+0.42  win=0  pool=1  speed=25.4  wheelie=0.13 drift=0.11
[iter   126] ts=   648,996  eplen=15492T  rew=-0.317  start=0.98 completion=1.739 prog=+0.76  win=1  pool=1  speed=10.6  wheelie=0.08 drift=0.04
[iter   127] ts=   652,626  eplen= 3630T  rew=+4.448  start=0.98 completion=1.389 prog=+0.41  win=0  pool=1  speed=23.3  wheelie=0.15 drift=0.12
[iter   128] ts=   657,426  eplen= 4800T  rew=+5.039  start=0.98 completion=1.569 prog=+0.59  win=0  pool=1  speed=25.5  wheelie=0.12 drift=0.09
[iter   129] ts=   661,224  eplen= 3798T  rew=+4.496  start=0.98 completion=1.389 prog=+0.41  win=0  pool=1  speed=22.8  wheelie=0.16 drift=0.13
[iter   130] ts=   664,530  eplen= 3306T  rew=+4.184  start=0.98 completion=1.389 prog=+0.41  win=0  pool=1  speed=23.7  wheelie=0.18 drift=0.12
[iter   131] ts=   667,716  eplen= 3186T  rew=+3.832  start=0.98 completion=1.397 prog=+0.42  win=1  pool=1  speed=24.4  wheelie=0.17 drift=0.10
[iter   132] ts=   670,818  eplen= 3102T  rew=+4.530  start=0.98 completion=1.386 prog=+0.41  win=0  pool=1  speed=27.3  wheelie=0.21 drift=0.09
[iter   133] ts=   675,738  eplen= 4920T  rew=+3.162  start=0.98 completion=1.387 prog=+0.41  win=0  pool=1  speed=16.5  wheelie=0.21 drift=0.18
[iter   134] ts=   689,676  eplen=13938T  rew=+2.662  start=0.98 completion=1.838 prog=+0.86  win=1  pool=1  speed=12.5  wheelie=0.13 drift=0.03
[iter   135] ts=   699,798  eplen=10122T  rew=+3.825  start=0.98 completion=1.826 prog=+0.85  win=1  pool=1  speed=16.6  wheelie=0.11 drift=0.05
[iter   136] ts=   705,162  eplen= 5364T  rew=+4.519  start=0.98 completion=1.584 prog=+0.61  win=1  pool=1  speed=22.1  wheelie=0.21 drift=0.07
[iter   137] ts=   709,446  eplen= 4284T  rew=+4.086  start=0.98 completion=1.481 prog=+0.50  win=1  pool=1  speed=23.1  wheelie=0.13 drift=0.08
[iter   138] ts=   717,780  eplen= 8334T  rew=+2.672  start=0.98 completion=1.387 prog=+0.41  win=1  pool=1  speed=9.2  wheelie=0.17 drift=0.22
[iter   139] ts=   723,942  eplen= 6162T  rew=+3.220  start=0.98 completion=1.386 prog=+0.41  win=0  pool=1  speed=12.1  wheelie=0.20 drift=0.18
[iter   140] ts=   730,620  eplen= 6678T  rew=+3.384  start=0.98 completion=1.558 prog=+0.58  win=1  pool=1  speed=18.1  wheelie=0.20 drift=0.07
[iter   141] ts=   733,788  eplen= 3168T  rew=+4.275  start=0.98 completion=1.389 prog=+0.41  win=1  pool=1  speed=25.8  wheelie=0.24 drift=0.15
[iter   142] ts=   737,970  eplen= 4182T  rew=+3.279  start=0.98 completion=1.408 prog=+0.43  win=1  pool=1  speed=18.6  wheelie=0.28 drift=0.09
[iter   143] ts=   741,282  eplen= 3312T  rew=+4.484  start=0.98 completion=1.390 prog=+0.41  win=0  pool=1  speed=23.4  wheelie=0.36 drift=0.11
[iter   144] ts=   746,286  eplen= 5004T  rew=+3.684  start=0.98 completion=1.516 prog=+0.54  win=1  pool=1  speed=22.7  wheelie=0.26 drift=0.09
[iter   145] ts=   749,916  eplen= 3630T  rew=+3.642  start=0.98 completion=1.411 prog=+0.43  win=1  pool=1  speed=21.9  wheelie=0.31 drift=0.08
[iter   146] ts=   758,634  eplen= 8718T  rew=+3.595  start=0.98 completion=1.410 prog=+0.43  win=0  pool=1  speed=10.5  wheelie=0.36 drift=0.04
[iter   147] ts=   761,454  eplen= 2820T  rew=+2.611  start=0.98 completion=1.173 prog=+0.20  win=0  pool=1  speed=14.4  wheelie=0.42 drift=0.06
[iter   148] ts=   764,862  eplen= 3408T  rew=+2.967  start=0.98 completion=1.301 prog=+0.32  win=0  pool=1  speed=21.8  wheelie=0.44 drift=0.09
[iter   149] ts=   767,418  eplen= 2556T  rew=+3.350  start=0.98 completion=1.249 prog=+0.27  win=0  pool=1  speed=22.7  wheelie=0.32 drift=0.12
[iter   150] ts=   779,334  eplen=11916T  rew=+1.307  start=0.98 completion=1.391 prog=+0.41  win=0  pool=1  speed=8.1  wheelie=0.40 drift=0.03
[iter   151] ts=   783,720  eplen= 4386T  rew=+3.819  start=0.98 completion=1.386 prog=+0.41  win=0  pool=1  speed=18.7  wheelie=0.40 drift=0.05
[iter   152] ts=   788,358  eplen= 4638T  rew=+4.519  start=0.98 completion=1.407 prog=+0.43  win=1  pool=1  speed=20.4  wheelie=0.41 drift=0.05
[iter   153] ts=   793,728  eplen= 5370T  rew=+4.011  start=0.98 completion=1.509 prog=+0.53  win=1  pool=1  speed=18.9  wheelie=0.32 drift=0.05
[iter   154] ts=   799,128  eplen= 5400T  rew=+4.248  start=0.98 completion=1.394 prog=+0.42  win=0  pool=1  speed=16.6  wheelie=0.40 drift=0.08
[iter   155] ts=   805,914  eplen= 6786T  rew=+3.629  start=0.98 completion=1.395 prog=+0.42  win=1  pool=1  speed=12.7  wheelie=0.40 drift=0.08
[checkpoint] saved checkpoint_805914.pt
[iter   156] ts=   808,902  eplen= 2988T  rew=+2.562  start=0.98 completion=1.210 prog=+0.23  win=0  pool=1  speed=17.8  wheelie=0.33 drift=0.04
[iter   157] ts=   815,052  eplen= 6150T  rew=+3.197  start=0.98 completion=1.290 prog=+0.31  win=0  pool=1  speed=11.1  wheelie=0.46 drift=0.03
[iter   158] ts=   822,270  eplen= 7218T  rew=+2.736  start=0.98 completion=1.403 prog=+0.43  win=1  pool=1  speed=11.5  wheelie=0.46 drift=0.05
[iter   159] ts=   826,554  eplen= 4284T  rew=+4.125  start=0.98 completion=1.448 prog=+0.47  win=0  pool=1  speed=21.3  wheelie=0.32 drift=0.07
[iter   160] ts=   831,468  eplen= 4914T  rew=+4.280  start=0.98 completion=1.560 prog=+0.58  win=1  pool=1  speed=25.3  wheelie=0.24 drift=0.08
[iter   161] ts=   837,354  eplen= 5886T  rew=+3.229  start=0.98 completion=1.394 prog=+0.42  win=1  pool=1  speed=14.5  wheelie=0.28 drift=0.07
[iter   162] ts=   841,410  eplen= 4056T  rew=+4.038  start=0.98 completion=1.408 prog=+0.43  win=1  pool=1  speed=23.9  wheelie=0.28 drift=0.07
[iter   163] ts=   846,876  eplen= 5466T  rew=+4.622  start=0.98 completion=1.397 prog=+0.42  win=1  pool=1  speed=16.2  wheelie=0.22 drift=0.07
[iter   164] ts=   848,652  eplen= 1776T  rew=+2.250  start=0.98 completion=1.190 prog=+0.21  win=0  pool=1  speed=20.8  wheelie=0.13 drift=0.06
[iter   165] ts=   850,368  eplen= 1716T  rew=+2.537  start=0.98 completion=1.179 prog=+0.20  win=0  pool=1  speed=24.5  wheelie=0.13 drift=0.10
[iter   166] ts=   856,176  eplen= 5808T  rew=+3.334  start=0.98 completion=1.399 prog=+0.42  win=1  pool=1  speed=15.3  wheelie=0.22 drift=0.06
[iter   167] ts=   858,282  eplen= 2106T  rew=+2.001  start=0.98 completion=1.133 prog=+0.16  win=0  pool=1  speed=14.6  wheelie=0.13 drift=0.01
[iter   168] ts=   862,950  eplen= 4668T  rew=+4.830  start=0.98 completion=1.512 prog=+0.53  win=0  pool=1  speed=20.9  wheelie=0.22 drift=0.07
[iter   169] ts=   866,196  eplen= 3246T  rew=+2.802  start=0.98 completion=1.272 prog=+0.29  win=0  pool=1  speed=18.3  wheelie=0.19 drift=0.05
[iter   170] ts=   870,876  eplen= 4680T  rew=+3.908  start=0.98 completion=1.492 prog=+0.51  win=1  pool=1  speed=21.6  wheelie=0.26 drift=0.08
[iter   171] ts=   875,478  eplen= 4602T  rew=+5.064  start=0.98 completion=1.581 prog=+0.60  win=1  pool=1  speed=25.5  wheelie=0.22 drift=0.09
[iter   172] ts=   889,674  eplen=14196T  rew=+3.238  start=0.98 completion=1.839 prog=+0.86  win=1  pool=1  speed=12.5  wheelie=0.24 drift=0.04
[iter   173] ts=   896,580  eplen= 6906T  rew=+4.576  start=0.98 completion=1.539 prog=+0.56  win=1  pool=1  speed=17.5  wheelie=0.27 drift=0.05
[iter   174] ts=   899,550  eplen= 2970T  rew=+4.294  start=0.98 completion=1.427 prog=+0.45  win=1  pool=1  speed=30.2  wheelie=0.26 drift=0.13
[iter   175] ts=   909,894  eplen=10344T  rew=+4.755  start=0.98 completion=1.814 prog=+0.84  win=1  pool=1  speed=15.9  wheelie=0.22 drift=0.04
[iter   176] ts=   914,544  eplen= 4650T  rew=+5.236  start=0.98 completion=1.513 prog=+0.54  win=1  pool=1  speed=24.8  wheelie=0.23 drift=0.07
[iter   177] ts=   918,780  eplen= 4236T  rew=+3.407  start=0.98 completion=1.411 prog=+0.43  win=1  pool=1  speed=18.4  wheelie=0.22 drift=0.09
[iter   178] ts=   923,358  eplen= 4578T  rew=+2.663  start=0.98 completion=1.264 prog=+0.29  win=0  pool=1  speed=18.7  wheelie=0.20 drift=0.07
[iter   179] ts=   927,582  eplen= 4224T  rew=+4.848  start=0.98 completion=1.493 prog=+0.52  win=1  pool=1  speed=24.8  wheelie=0.20 drift=0.06
[iter   180] ts=   936,606  eplen= 9024T  rew=+2.969  start=0.98 completion=1.489 prog=+0.51  win=1  pool=1  speed=12.1  wheelie=0.24 drift=0.06
[iter   181] ts=   940,296  eplen= 3690T  rew=+5.572  start=0.98 completion=1.600 prog=+0.62  win=1  pool=1  speed=32.8  wheelie=0.20 drift=0.11
[iter   182] ts=   943,740  eplen= 3444T  rew=+4.246  start=0.98 completion=1.381 prog=+0.40  win=0  pool=1  speed=27.4  wheelie=0.16 drift=0.07
[iter   183] ts=   951,396  eplen= 7656T  rew=+4.018  start=0.98 completion=1.569 prog=+0.59  win=1  pool=1  speed=16.1  wheelie=0.29 drift=0.05
[iter   184] ts=   956,538  eplen= 5142T  rew=+5.913  start=0.98 completion=1.714 prog=+0.74  win=1  pool=1  speed=27.4  wheelie=0.22 drift=0.07
[iter   185] ts=   965,358  eplen= 8820T  rew=+5.574  start=0.98 completion=1.827 prog=+0.85  win=1  pool=1  speed=19.9  wheelie=0.23 drift=0.05
[iter   186] ts=   974,274  eplen= 8916T  rew=+3.956  start=0.98 completion=1.693 prog=+0.72  win=1  pool=1  speed=19.4  wheelie=0.25 drift=0.07
[iter   187] ts=   977,124  eplen= 2850T  rew=+2.395  start=0.98 completion=1.221 prog=+0.24  win=0  pool=1  speed=21.6  wheelie=0.11 drift=0.09
[iter   188] ts=   985,680  eplen= 8556T  rew=+5.551  start=0.98 completion=1.822 prog=+0.84  win=1  pool=1  speed=19.8  wheelie=0.24 drift=0.04
[iter   189] ts=   991,020  eplen= 5340T  rew=+5.351  start=0.98 completion=1.481 prog=+0.50  win=1  pool=1  speed=21.2  wheelie=0.21 drift=0.05
[iter   190] ts=   997,992  eplen= 6972T  rew=+4.479  start=0.98 completion=1.640 prog=+0.66  win=1  pool=1  speed=23.6  wheelie=0.32 drift=0.07
[iter   191] ts= 1,006,620  eplen= 8628T  rew=+4.989  start=0.98 completion=1.824 prog=+0.85  win=1  pool=1  speed=17.8  wheelie=0.29 drift=0.05
[selfplay] pushed snapshot (pool=2)
[iter   192] ts= 1,014,408  eplen= 7788T  rew=+6.844  start=0.98 completion=1.845 prog=+0.87  win=1  pool=2  speed=22.4  wheelie=0.28 drift=0.06
[iter   193] ts= 1,018,062  eplen= 3654T  rew=+2.597  start=0.98 completion=1.241 prog=+0.26  win=0  pool=2  speed=20.0  wheelie=0.25 drift=0.08
[iter   194] ts= 1,022,052  eplen= 3990T  rew=+4.223  start=0.98 completion=1.439 prog=+0.46  win=1  pool=2  speed=28.6  wheelie=0.27 drift=0.14
[iter   195] ts= 1,027,098  eplen= 5046T  rew=+4.663  start=0.98 completion=1.646 prog=+0.67  win=1  pool=2  speed=26.1  wheelie=0.37 drift=0.04
[iter   196] ts= 1,038,822  eplen=11724T  rew=+5.868  start=0.98 completion=1.844 prog=+0.87  win=1  pool=2  speed=16.3  wheelie=0.26 drift=0.03
[iter   197] ts= 1,042,692  eplen= 3870T  rew=+4.805  start=0.98 completion=1.473 prog=+0.50  win=1  pool=2  speed=26.7  wheelie=0.21 drift=0.08
[iter   198] ts= 1,050,150  eplen= 7458T  rew=+5.617  start=0.98 completion=1.501 prog=+0.52  win=0  pool=2  speed=15.4  wheelie=0.16 drift=0.05
[iter   199] ts= 1,055,700  eplen= 5550T  rew=+3.701  start=0.98 completion=1.475 prog=+0.50  win=0  pool=2  speed=17.5  wheelie=0.22 drift=0.04
[iter   200] ts= 1,062,138  eplen= 6438T  rew=+5.029  start=0.98 completion=1.584 prog=+0.61  win=1  pool=2  speed=22.6  wheelie=0.18 drift=0.07
[iter   201] ts= 1,071,588  eplen= 9450T  rew=+5.742  start=0.98 completion=1.832 prog=+0.85  win=1  pool=2  speed=20.4  wheelie=0.22 drift=0.05
[iter   202] ts= 1,081,788  eplen=10200T  rew=+5.478  start=0.98 completion=1.838 prog=+0.86  win=1  pool=2  speed=17.1  wheelie=0.17 drift=0.03
[iter   203] ts= 1,088,232  eplen= 6444T  rew=+5.961  start=0.98 completion=1.750 prog=+0.77  win=1  pool=2  speed=24.7  wheelie=0.19 drift=0.04
[iter   204] ts= 1,095,996  eplen= 7764T  rew=+5.039  start=0.98 completion=1.637 prog=+0.66  win=1  pool=2  speed=17.6  wheelie=0.18 drift=0.02
[iter   205] ts= 1,100,802  eplen= 4806T  rew=+2.982  start=0.98 completion=1.245 prog=+0.27  win=0  pool=2  speed=18.5  wheelie=0.14 drift=0.04
[iter   206] ts= 1,107,186  eplen= 6384T  rew=+5.013  start=0.98 completion=1.462 prog=+0.48  win=0  pool=2  speed=18.0  wheelie=0.14 drift=0.03
[iter   207] ts= 1,113,906  eplen= 6720T  rew=+5.020  start=0.98 completion=1.655 prog=+0.68  win=1  pool=2  speed=19.3  wheelie=0.17 drift=0.03
[iter   208] ts= 1,119,804  eplen= 5898T  rew=+4.836  start=0.98 completion=1.484 prog=+0.51  win=1  pool=2  speed=19.3  wheelie=0.14 drift=0.04
[iter   209] ts= 1,127,952  eplen= 8148T  rew=+5.866  start=0.98 completion=1.651 prog=+0.67  win=1  pool=2  speed=18.9  wheelie=0.16 drift=0.03
[iter   210] ts= 1,138,410  eplen=10458T  rew=+5.293  start=0.98 completion=1.645 prog=+0.67  win=0  pool=2  speed=13.2  wheelie=0.12 drift=0.02
[iter   211] ts= 1,147,092  eplen= 8682T  rew=+6.725  start=0.98 completion=1.809 prog=+0.83  win=1  pool=2  speed=18.5  wheelie=0.18 drift=0.02
[iter   212] ts= 1,151,370  eplen= 4278T  rew=+4.297  start=0.98 completion=1.413 prog=+0.44  win=1  pool=2  speed=22.3  wheelie=0.18 drift=0.06
[iter   213] ts= 1,156,908  eplen= 5538T  rew=+4.356  start=0.98 completion=1.423 prog=+0.45  win=0  pool=2  speed=16.8  wheelie=0.15 drift=0.04
[iter   214] ts= 1,160,910  eplen= 4002T  rew=+2.841  start=0.98 completion=1.279 prog=+0.30  win=1  pool=2  speed=20.0  wheelie=0.24 drift=0.04
[iter   215] ts= 1,163,142  eplen= 2232T  rew=+2.431  start=0.98 completion=1.195 prog=+0.22  win=0  pool=2  speed=21.0  wheelie=0.16 drift=0.10
[iter   216] ts= 1,171,392  eplen= 8250T  rew=+5.068  start=0.98 completion=1.611 prog=+0.63  win=0  pool=2  speed=15.4  wheelie=0.17 drift=0.09
[iter   217] ts= 1,173,798  eplen= 2406T  rew=+2.220  start=0.98 completion=1.147 prog=+0.17  win=0  pool=2  speed=17.9  wheelie=0.16 drift=0.01
[iter   218] ts= 1,180,068  eplen= 6270T  rew=+5.582  start=0.98 completion=1.543 prog=+0.57  win=1  pool=2  speed=19.1  wheelie=0.20 drift=0.05
[iter   219] ts= 1,183,362  eplen= 3294T  rew=+4.645  start=0.98 completion=1.392 prog=+0.41  win=1  pool=2  speed=28.5  wheelie=0.17 drift=0.11
[iter   220] ts= 1,187,706  eplen= 4344T  rew=+4.793  start=0.98 completion=1.397 prog=+0.42  win=0  pool=2  speed=28.5  wheelie=0.12 drift=0.15
[iter   221] ts= 1,195,584  eplen= 7878T  rew=+3.612  start=0.98 completion=1.453 prog=+0.48  win=0  pool=2  speed=12.5  wheelie=0.21 drift=0.04
[iter   222] ts= 1,198,008  eplen= 2424T  rew=+2.522  start=0.98 completion=1.208 prog=+0.23  win=0  pool=2  speed=21.1  wheelie=0.19 drift=0.07
[iter   223] ts= 1,199,820  eplen= 1812T  rew=+1.566  start=0.98 completion=1.079 prog=+0.10  win=0  pool=2  speed=13.3  wheelie=0.23 drift=0.01
[iter   224] ts= 1,206,174  eplen= 6354T  rew=+4.650  start=0.98 completion=1.395 prog=+0.42  win=0  pool=2  speed=14.6  wheelie=0.13 drift=0.02
[checkpoint] saved checkpoint_1206174.pt
[iter   225] ts= 1,219,008  eplen=12834T  rew=+5.695  start=0.98 completion=1.751 prog=+0.77  win=1  pool=2  speed=15.2  wheelie=0.18 drift=0.03
[iter   226] ts= 1,224,486  eplen= 5478T  rew=+1.359  start=0.98 completion=1.174 prog=+0.20  win=0  pool=2  speed=11.8  wheelie=0.25 drift=0.02
[iter   227] ts= 1,226,442  eplen= 1956T  rew=+1.953  start=0.98 completion=1.103 prog=+0.13  win=0  pool=2  speed=17.0  wheelie=0.18 drift=0.02
[iter   228] ts= 1,233,066  eplen= 6624T  rew=+6.091  start=0.98 completion=1.606 prog=+0.63  win=0  pool=2  speed=22.3  wheelie=0.20 drift=0.05
[iter   229] ts= 1,234,704  eplen= 1638T  rew=+1.416  start=0.98 completion=1.078 prog=+0.10  win=0  pool=2  speed=14.6  wheelie=0.22 drift=0.01
[iter   230] ts= 1,240,236  eplen= 5532T  rew=+4.224  start=0.98 completion=1.445 prog=+0.47  win=1  pool=2  speed=21.1  wheelie=0.15 drift=0.05
[iter   231] ts= 1,249,800  eplen= 9564T  rew=+2.289  start=0.98 completion=1.385 prog=+0.41  win=0  pool=2  speed=9.1  wheelie=0.12 drift=0.04
[iter   232] ts= 1,255,116  eplen= 5316T  rew=+3.820  start=0.98 completion=1.300 prog=+0.32  win=0  pool=2  speed=19.6  wheelie=0.13 drift=0.04
[iter   233] ts= 1,259,550  eplen= 4434T  rew=+4.516  start=0.98 completion=1.388 prog=+0.41  win=0  pool=2  speed=23.0  wheelie=0.10 drift=0.08
[iter   234] ts= 1,269,408  eplen= 9858T  rew=+3.748  start=0.98 completion=1.391 prog=+0.41  win=0  pool=2  speed=8.6  wheelie=0.11 drift=0.06
[iter   235] ts= 1,274,382  eplen= 4974T  rew=+5.691  start=0.98 completion=1.603 prog=+0.63  win=0  pool=2  speed=24.6  wheelie=0.12 drift=0.04
[iter   236] ts= 1,287,096  eplen=12714T  rew=+5.433  start=0.98 completion=1.713 prog=+0.74  win=0  pool=2  speed=13.8  wheelie=0.09 drift=0.05
[iter   237] ts= 1,292,256  eplen= 5160T  rew=+5.975  start=0.98 completion=1.545 prog=+0.57  win=0  pool=2  speed=23.5  wheelie=0.10 drift=0.06
[iter   238] ts= 1,301,166  eplen= 8910T  rew=+4.909  start=0.98 completion=1.598 prog=+0.62  win=1  pool=2  speed=15.8  wheelie=0.13 drift=0.02
[iter   239] ts= 1,307,202  eplen= 6036T  rew=+4.122  start=0.98 completion=1.395 prog=+0.42  win=1  pool=2  speed=16.0  wheelie=0.11 drift=0.05
[iter   240] ts= 1,315,302  eplen= 8100T  rew=+5.368  start=0.98 completion=1.538 prog=+0.56  win=0  pool=2  speed=17.1  wheelie=0.13 drift=0.08
[iter   241] ts= 1,322,766  eplen= 7464T  rew=+5.312  start=0.98 completion=1.677 prog=+0.70  win=1  pool=2  speed=18.7  wheelie=0.14 drift=0.05
[iter   242] ts= 1,332,402  eplen= 9636T  rew=+4.741  start=0.98 completion=1.809 prog=+0.83  win=1  pool=2  speed=16.9  wheelie=0.13 drift=0.03
[iter   243] ts= 1,340,088  eplen= 7686T  rew=+5.615  start=0.98 completion=1.776 prog=+0.80  win=1  pool=2  speed=22.1  wheelie=0.16 drift=0.03
[iter   244] ts= 1,343,592  eplen= 3504T  rew=+4.146  start=0.98 completion=1.447 prog=+0.47  win=0  pool=2  speed=27.4  wheelie=0.17 drift=0.08
[iter   245] ts= 1,349,766  eplen= 6174T  rew=+5.618  start=0.98 completion=1.599 prog=+0.62  win=0  pool=2  speed=24.3  wheelie=0.15 drift=0.04
[iter   246] ts= 1,353,564  eplen= 3798T  rew=+4.740  start=0.98 completion=1.434 prog=+0.46  win=1  pool=2  speed=27.0  wheelie=0.15 drift=0.07
[iter   247] ts= 1,358,904  eplen= 5340T  rew=+4.703  start=0.98 completion=1.452 prog=+0.47  win=1  pool=2  speed=21.1  wheelie=0.15 drift=0.04
[iter   248] ts= 1,363,188  eplen= 4284T  rew=+4.439  start=0.98 completion=1.447 prog=+0.47  win=1  pool=2  speed=21.8  wheelie=0.14 drift=0.10
[iter   249] ts= 1,370,898  eplen= 7710T  rew=+6.375  start=0.98 completion=1.856 prog=+0.88  win=1  pool=2  speed=24.9  wheelie=0.19 drift=0.04
[iter   250] ts= 1,373,238  eplen= 2340T  rew=+1.502  start=0.98 completion=1.096 prog=+0.12  win=0  pool=2  speed=16.0  wheelie=0.22 drift=0.02
[iter   251] ts= 1,378,152  eplen= 4914T  rew=+3.213  start=0.98 completion=1.268 prog=+0.29  win=0  pool=2  speed=16.2  wheelie=0.16 drift=0.05
[iter   252] ts= 1,383,324  eplen= 5172T  rew=+3.288  start=0.98 completion=1.320 prog=+0.34  win=0  pool=2  speed=13.7  wheelie=0.14 drift=0.05
[iter   253] ts= 1,386,066  eplen= 2742T  rew=+3.424  start=0.98 completion=1.274 prog=+0.30  win=0  pool=2  speed=28.5  wheelie=0.17 drift=0.12
[iter   254] ts= 1,393,116  eplen= 7050T  rew=+5.174  start=0.98 completion=1.603 prog=+0.63  win=1  pool=2  speed=19.0  wheelie=0.16 drift=0.10
[iter   255] ts= 1,394,742  eplen= 1626T  rew=+1.402  start=0.98 completion=1.130 prog=+0.15  win=0  pool=2  speed=29.6  wheelie=0.17 drift=0.05
[iter   256] ts= 1,401,042  eplen= 6300T  rew=+6.101  start=0.98 completion=1.622 prog=+0.64  win=1  pool=2  speed=24.0  wheelie=0.15 drift=0.06
[iter   257] ts= 1,414,542  eplen=13500T  rew=+1.009  start=0.98 completion=1.391 prog=+0.41  win=0  pool=2  speed=7.0  wheelie=0.12 drift=0.04
[iter   258] ts= 1,421,748  eplen= 7206T  rew=+6.062  start=0.98 completion=1.740 prog=+0.76  win=1  pool=2  speed=20.5  wheelie=0.15 drift=0.04
[iter   259] ts= 1,431,162  eplen= 9414T  rew=+4.352  start=0.98 completion=1.770 prog=+0.79  win=1  pool=2  speed=17.7  wheelie=0.24 drift=0.03
[iter   260] ts= 1,441,104  eplen= 9942T  rew=+5.414  start=0.98 completion=1.753 prog=+0.78  win=1  pool=2  speed=15.8  wheelie=0.18 drift=0.04
[iter   261] ts= 1,448,880  eplen= 7776T  rew=+5.426  start=0.98 completion=1.518 prog=+0.54  win=0  pool=2  speed=22.6  wheelie=0.40 drift=0.10
[iter   262] ts= 1,456,098  eplen= 7218T  rew=+6.865  start=0.98 completion=1.831 prog=+0.85  win=1  pool=2  speed=23.8  wheelie=0.23 drift=0.04
[iter   263] ts= 1,462,362  eplen= 6264T  rew=+2.674  start=0.98 completion=1.399 prog=+0.42  win=1  pool=2  speed=17.6  wheelie=0.27 drift=0.08
[iter   264] ts= 1,471,314  eplen= 8952T  rew=+3.872  start=0.98 completion=1.569 prog=+0.59  win=0  pool=2  speed=13.5  wheelie=0.21 drift=0.07
[iter   265] ts= 1,477,734  eplen= 6420T  rew=+5.845  start=0.98 completion=1.550 prog=+0.57  win=1  pool=2  speed=20.3  wheelie=0.23 drift=0.06
[iter   266] ts= 1,482,300  eplen= 4566T  rew=+5.054  start=0.98 completion=1.581 prog=+0.60  win=1  pool=2  speed=29.3  wheelie=0.28 drift=0.11
[iter   267] ts= 1,487,652  eplen= 5352T  rew=+5.219  start=0.98 completion=1.687 prog=+0.71  win=1  pool=2  speed=29.4  wheelie=0.32 drift=0.07
[iter   268] ts= 1,497,108  eplen= 9456T  rew=+4.387  start=0.98 completion=1.762 prog=+0.78  win=1  pool=2  speed=17.9  wheelie=0.25 drift=0.05
[iter   269] ts= 1,502,628  eplen= 5520T  rew=+4.676  start=0.98 completion=1.565 prog=+0.59  win=0  pool=2  speed=21.8  wheelie=0.28 drift=0.06
[iter   270] ts= 1,506,414  eplen= 3786T  rew=+3.387  start=0.98 completion=1.340 prog=+0.36  win=0  pool=2  speed=18.3  wheelie=0.20 drift=0.08
[iter   271] ts= 1,508,472  eplen= 2058T  rew=+2.474  start=0.98 completion=1.152 prog=+0.17  win=0  pool=2  speed=19.5  wheelie=0.12 drift=0.07
[iter   272] ts= 1,516,908  eplen= 8436T  rew=+2.102  start=0.98 completion=1.302 prog=+0.32  win=0  pool=2  speed=14.4  wheelie=0.20 drift=0.11
[iter   273] ts= 1,526,748  eplen= 9840T  rew=+3.846  start=0.98 completion=1.530 prog=+0.55  win=0  pool=2  speed=10.6  wheelie=0.20 drift=0.09
[iter   274] ts= 1,535,874  eplen= 9126T  rew=+4.888  start=0.98 completion=1.799 prog=+0.82  win=1  pool=2  speed=17.9  wheelie=0.18 drift=0.06
[iter   275] ts= 1,550,028  eplen=14154T  rew=+3.625  start=0.98 completion=1.849 prog=+0.87  win=1  pool=2  speed=12.7  wheelie=0.16 drift=0.04
[iter   276] ts= 1,553,538  eplen= 3510T  rew=+3.000  start=0.98 completion=1.251 prog=+0.27  win=0  pool=2  speed=19.3  wheelie=0.15 drift=0.13
[iter   277] ts= 1,562,196  eplen= 8658T  rew=+5.067  start=0.98 completion=1.684 prog=+0.71  win=1  pool=2  speed=18.3  wheelie=0.19 drift=0.07
[iter   278] ts= 1,570,380  eplen= 8184T  rew=+4.428  start=0.98 completion=1.428 prog=+0.45  win=0  pool=2  speed=18.4  wheelie=0.20 drift=0.03
[iter   279] ts= 1,580,424  eplen=10044T  rew=+5.630  start=0.98 completion=1.818 prog=+0.84  win=1  pool=2  speed=18.3  wheelie=0.22 drift=0.03
[iter   280] ts= 1,588,008  eplen= 7584T  rew=+6.600  start=0.98 completion=1.765 prog=+0.79  win=1  pool=2  speed=21.5  wheelie=0.21 drift=0.03
[iter   281] ts= 1,592,304  eplen= 4296T  rew=+4.252  start=0.98 completion=1.387 prog=+0.41  win=0  pool=2  speed=18.0  wheelie=0.23 drift=0.05
[iter   282] ts= 1,595,160  eplen= 2856T  rew=+2.126  start=0.98 completion=1.192 prog=+0.21  win=1  pool=2  speed=16.2  wheelie=0.17 drift=0.06
[iter   283] ts= 1,602,570  eplen= 7410T  rew=+6.449  start=0.98 completion=1.833 prog=+0.86  win=1  pool=2  speed=23.4  wheelie=0.26 drift=0.04
[iter   284] ts= 1,609,446  eplen= 6876T  rew=+6.074  start=0.98 completion=1.660 prog=+0.68  win=0  pool=2  speed=19.8  wheelie=0.24 drift=0.05
[checkpoint] saved checkpoint_1609446.pt
[iter   285] ts= 1,616,766  eplen= 7320T  rew=+6.803  start=0.98 completion=1.824 prog=+0.85  win=1  pool=2  speed=23.8  wheelie=0.22 drift=0.06
[iter   286] ts= 1,622,154  eplen= 5388T  rew=+4.435  start=0.98 completion=1.480 prog=+0.50  win=0  pool=2  speed=17.4  wheelie=0.15 drift=0.06
[iter   287] ts= 1,626,348  eplen= 4194T  rew=+4.152  start=0.98 completion=1.407 prog=+0.43  win=1  pool=2  speed=22.0  wheelie=0.21 drift=0.07
[iter   288] ts= 1,632,354  eplen= 6006T  rew=+3.369  start=0.98 completion=1.301 prog=+0.32  win=0  pool=2  speed=13.4  wheelie=0.18 drift=0.06
[iter   289] ts= 1,641,222  eplen= 8868T  rew=+5.478  start=0.98 completion=1.749 prog=+0.77  win=1  pool=2  speed=18.8  wheelie=0.21 drift=0.04
[iter   290] ts= 1,651,608  eplen=10386T  rew=+3.789  start=0.98 completion=1.467 prog=+0.49  win=0  pool=2  speed=11.2  wheelie=0.20 drift=0.06
[iter   291] ts= 1,654,182  eplen= 2574T  rew=+1.760  start=0.98 completion=1.098 prog=+0.12  win=0  pool=2  speed=7.0  wheelie=0.15 drift=0.00
[iter   292] ts= 1,663,698  eplen= 9516T  rew=+6.479  start=0.98 completion=1.741 prog=+0.76  win=1  pool=2  speed=16.5  wheelie=0.21 drift=0.04
[iter   293] ts= 1,672,710  eplen= 9012T  rew=+5.496  start=0.98 completion=1.845 prog=+0.87  win=1  pool=2  speed=18.7  wheelie=0.20 drift=0.04
[iter   294] ts= 1,679,226  eplen= 6516T  rew=+5.133  start=0.98 completion=1.675 prog=+0.70  win=1  pool=2  speed=24.0  wheelie=0.22 drift=0.09
[iter   295] ts= 1,689,978  eplen=10752T  rew=+6.187  start=0.98 completion=1.851 prog=+0.87  win=1  pool=2  speed=17.3  wheelie=0.30 drift=0.03
[iter   296] ts= 1,691,664  eplen= 1686T  rew=+1.073  start=0.98 completion=1.035 prog=+0.06  win=0  pool=2  speed=10.9  wheelie=0.27 drift=0.02
[iter   297] ts= 1,696,716  eplen= 5052T  rew=+1.483  start=0.98 completion=1.086 prog=+0.11  win=0  pool=2  speed=6.1  wheelie=0.23 drift=0.04
[iter   298] ts= 1,698,432  eplen= 1716T  rew=+1.042  start=0.98 completion=1.058 prog=+0.08  win=0  pool=2  speed=13.1  wheelie=0.29 drift=0.01
[iter   299] ts= 1,707,792  eplen= 9360T  rew=+6.238  start=0.98 completion=1.836 prog=+0.86  win=0  pool=2  speed=18.0  wheelie=0.30 drift=0.04
[iter   300] ts= 1,709,448  eplen= 1656T  rew=+1.493  start=0.98 completion=1.020 prog=+0.04  win=0  pool=2  speed=10.6  wheelie=0.30 drift=0.01
[iter   301] ts= 1,716,750  eplen= 7302T  rew=+3.611  start=0.98 completion=1.410 prog=+0.43  win=0  pool=2  speed=17.6  wheelie=0.41 drift=0.02
[iter   302] ts= 1,718,058  eplen= 1308T  rew=+1.400  start=0.98 completion=1.053 prog=+0.08  win=0  pool=2  speed=13.7  wheelie=0.30 drift=0.02
[iter   303] ts= 1,719,408  eplen= 1350T  rew=+1.128  start=0.98 completion=1.016 prog=+0.04  win=0  pool=2  speed=10.6  wheelie=0.31 drift=0.00
[iter   304] ts= 1,723,830  eplen= 4422T  rew=+1.716  start=0.98 completion=1.093 prog=+0.12  win=0  pool=2  speed=7.5  wheelie=0.20 drift=0.04
[iter   305] ts= 1,725,138  eplen= 1308T  rew=+0.909  start=0.98 completion=1.020 prog=+0.04  win=0  pool=2  speed=13.2  wheelie=0.25 drift=0.00
[iter   306] ts= 1,727,880  eplen= 2742T  rew=+2.151  start=0.98 completion=1.062 prog=+0.08  win=0  pool=2  speed=10.4  wheelie=0.21 drift=0.03
[iter   307] ts= 1,729,284  eplen= 1404T  rew=+0.767  start=0.98 completion=1.006 prog=+0.03  win=0  pool=2  speed=12.6  wheelie=0.29 drift=0.00
[iter   308] ts= 1,730,796  eplen= 1512T  rew=+1.631  start=0.98 completion=1.033 prog=+0.06  win=0  pool=2  speed=11.8  wheelie=0.40 drift=0.01
[iter   309] ts= 1,738,230  eplen= 7434T  rew=+5.725  start=0.98 completion=1.622 prog=+0.64  win=1  pool=2  speed=19.7  wheelie=0.33 drift=0.03
[iter   310] ts= 1,739,838  eplen= 1608T  rew=+1.824  start=0.98 completion=1.098 prog=+0.12  win=0  pool=2  speed=17.2  wheelie=0.43 drift=0.01
[iter   311] ts= 1,741,332  eplen= 1494T  rew=+1.334  start=0.98 completion=1.059 prog=+0.08  win=0  pool=2  speed=14.7  wheelie=0.43 drift=0.02
[iter   312] ts= 1,749,234  eplen= 7902T  rew=+3.230  start=0.98 completion=1.504 prog=+0.53  win=1  pool=2  speed=14.5  wheelie=0.32 drift=0.02
[iter   313] ts= 1,755,168  eplen= 5934T  rew=+3.979  start=0.98 completion=1.494 prog=+0.52  win=0  pool=2  speed=18.9  wheelie=0.26 drift=0.06
[iter   314] ts= 1,760,640  eplen= 5472T  rew=+5.426  start=0.98 completion=1.465 prog=+0.49  win=0  pool=2  speed=19.5  wheelie=0.21 drift=0.08
[iter   315] ts= 1,764,348  eplen= 3708T  rew=+3.345  start=0.98 completion=1.348 prog=+0.37  win=0  pool=2  speed=25.4  wheelie=0.14 drift=0.10
[iter   316] ts= 1,770,594  eplen= 6246T  rew=+4.614  start=0.98 completion=1.451 prog=+0.47  win=0  pool=2  speed=16.9  wheelie=0.24 drift=0.06
[iter   317] ts= 1,772,160  eplen= 1566T  rew=+1.252  start=0.98 completion=1.052 prog=+0.07  win=0  pool=2  speed=14.2  wheelie=0.50 drift=0.01
[iter   318] ts= 1,773,642  eplen= 1482T  rew=+1.234  start=0.98 completion=1.035 prog=+0.06  win=0  pool=2  speed=12.5  wheelie=0.50 drift=0.01
[iter   319] ts= 1,781,712  eplen= 8070T  rew=+6.964  start=0.98 completion=1.801 prog=+0.82  win=1  pool=2  speed=22.7  wheelie=0.40 drift=0.04
[iter   320] ts= 1,790,160  eplen= 8448T  rew=+6.881  start=0.98 completion=1.628 prog=+0.65  win=0  pool=2  speed=21.7  wheelie=0.31 drift=0.10
[iter   321] ts= 1,798,680  eplen= 8520T  rew=+6.709  start=0.98 completion=1.803 prog=+0.83  win=1  pool=2  speed=20.8  wheelie=0.42 drift=0.03
[iter   322] ts= 1,806,552  eplen= 7872T  rew=+5.821  start=0.98 completion=1.641 prog=+0.66  win=0  pool=2  speed=23.2  wheelie=0.31 drift=0.07
[iter   323] ts= 1,816,920  eplen=10368T  rew=+5.128  start=0.98 completion=1.792 prog=+0.81  win=1  pool=2  speed=17.3  wheelie=0.44 drift=0.03
[iter   324] ts= 1,824,504  eplen= 7584T  rew=+6.593  start=0.98 completion=1.758 prog=+0.78  win=1  pool=2  speed=23.0  wheelie=0.42 drift=0.05
[iter   325] ts= 1,831,710  eplen= 7206T  rew=+7.478  start=0.98 completion=1.826 prog=+0.85  win=1  pool=2  speed=25.2  wheelie=0.35 drift=0.04
[iter   326] ts= 1,833,426  eplen= 1716T  rew=+1.822  start=0.98 completion=1.100 prog=+0.12  win=0  pool=2  speed=15.3  wheelie=0.50 drift=0.03
[iter   327] ts= 1,838,520  eplen= 5094T  rew=+6.232  start=0.98 completion=1.598 prog=+0.62  win=0  pool=2  speed=26.5  wheelie=0.34 drift=0.06
[iter   328] ts= 1,846,296  eplen= 7776T  rew=+6.102  start=0.98 completion=1.622 prog=+0.64  win=1  pool=2  speed=21.2  wheelie=0.29 drift=0.04
[iter   329] ts= 1,850,946  eplen= 4650T  rew=+3.978  start=0.98 completion=1.376 prog=+0.40  win=0  pool=2  speed=19.1  wheelie=0.36 drift=0.07
[iter   330] ts= 1,852,356  eplen= 1410T  rew=+1.238  start=0.98 completion=1.033 prog=+0.06  win=0  pool=2  speed=12.0  wheelie=0.53 drift=0.01
[iter   331] ts= 1,860,504  eplen= 8148T  rew=+6.690  start=0.98 completion=1.802 prog=+0.82  win=1  pool=2  speed=24.0  wheelie=0.47 drift=0.05
[iter   332] ts= 1,862,052  eplen= 1548T  rew=+1.600  start=0.98 completion=1.073 prog=+0.10  win=0  pool=2  speed=15.1  wheelie=0.56 drift=0.02
[iter   333] ts= 1,868,160  eplen= 6108T  rew=+5.252  start=0.98 completion=1.538 prog=+0.56  win=1  pool=2  speed=22.7  wheelie=0.35 drift=0.06
[iter   334] ts= 1,869,636  eplen= 1476T  rew=+1.383  start=0.98 completion=1.051 prog=+0.07  win=0  pool=2  speed=13.4  wheelie=0.57 drift=0.01
[iter   335] ts= 1,878,426  eplen= 8790T  rew=+5.883  start=0.98 completion=1.763 prog=+0.79  win=0  pool=2  speed=21.1  wheelie=0.37 drift=0.03
[iter   336] ts= 1,887,156  eplen= 8730T  rew=+4.916  start=0.98 completion=1.561 prog=+0.58  win=1  pool=2  speed=14.6  wheelie=0.31 drift=0.03
[iter   337] ts= 1,899,960  eplen=12804T  rew=+1.572  start=0.98 completion=1.675 prog=+0.70  win=1  pool=2  speed=11.3  wheelie=0.36 drift=0.02
[iter   338] ts= 1,907,022  eplen= 7062T  rew=+6.375  start=0.98 completion=1.731 prog=+0.75  win=1  pool=2  speed=20.8  wheelie=0.35 drift=0.03
[iter   339] ts= 1,914,576  eplen= 7554T  rew=+6.144  start=0.98 completion=1.487 prog=+0.51  win=0  pool=2  speed=24.0  wheelie=0.26 drift=0.12
[iter   340] ts= 1,917,996  eplen= 3420T  rew=+1.901  start=0.98 completion=1.178 prog=+0.20  win=0  pool=2  speed=11.5  wheelie=0.30 drift=0.02
[iter   341] ts= 1,925,070  eplen= 7074T  rew=+4.085  start=0.98 completion=1.413 prog=+0.44  win=0  pool=2  speed=12.6  wheelie=0.30 drift=0.05
[iter   342] ts= 1,931,130  eplen= 6060T  rew=+4.746  start=0.98 completion=1.550 prog=+0.57  win=1  pool=2  speed=20.3  wheelie=0.43 drift=0.03
[iter   343] ts= 1,940,574  eplen= 9444T  rew=+3.119  start=0.98 completion=1.669 prog=+0.69  win=1  pool=2  speed=14.6  wheelie=0.45 drift=0.04
[iter   344] ts= 1,951,290  eplen=10716T  rew=+5.862  start=0.98 completion=1.798 prog=+0.82  win=1  pool=2  speed=15.2  wheelie=0.39 drift=0.04
[iter   345] ts= 1,958,394  eplen= 7104T  rew=+6.701  start=0.98 completion=1.798 prog=+0.82  win=1  pool=2  speed=24.7  wheelie=0.41 drift=0.05
[iter   346] ts= 1,965,414  eplen= 7020T  rew=+3.247  start=0.98 completion=1.386 prog=+0.41  win=0  pool=2  speed=13.2  wheelie=0.36 drift=0.06
[iter   347] ts= 1,976,670  eplen=11256T  rew=+5.299  start=0.98 completion=1.803 prog=+0.83  win=1  pool=2  speed=15.6  wheelie=0.39 drift=0.03
[iter   348] ts= 1,983,162  eplen= 6492T  rew=+6.085  start=0.98 completion=1.765 prog=+0.79  win=1  pool=2  speed=25.0  wheelie=0.36 drift=0.06
[iter   349] ts= 1,991,496  eplen= 8334T  rew=+6.578  start=0.98 completion=1.725 prog=+0.75  win=1  pool=2  speed=22.3  wheelie=0.37 drift=0.05
[iter   350] ts= 1,998,222  eplen= 6726T  rew=+6.788  start=0.98 completion=1.760 prog=+0.78  win=1  pool=2  speed=24.6  wheelie=0.32 drift=0.05
[iter   351] ts= 2,013,696  eplen=15474T  rew=+10.840  start=0.98 completion=2.550 prog=+1.57  win=1  pool=2  speed=22.0  wheelie=0.31 drift=0.06
[selfplay] pushed snapshot (pool=3)
[checkpoint] saved checkpoint_2013696.pt
[iter   352] ts= 2,020,134  eplen= 6438T  rew=+3.696  start=0.98 completion=1.476 prog=+0.50  win=0  pool=3  speed=15.1  wheelie=0.36 drift=0.08
[iter   353] ts= 2,022,114  eplen= 1980T  rew=+1.928  start=0.98 completion=1.012 prog=+0.03  win=0  pool=3  speed=11.1  wheelie=0.21 drift=0.01
[iter   354] ts= 2,023,998  eplen= 1884T  rew=+2.209  start=0.98 completion=1.013 prog=+0.04  win=0  pool=3  speed=7.7  wheelie=0.18 drift=0.00
[iter   355] ts= 2,028,324  eplen= 4326T  rew=+2.625  start=0.98 completion=1.251 prog=+0.27  win=0  pool=3  speed=13.4  wheelie=0.30 drift=0.03
[iter   356] ts= 2,035,410  eplen= 7086T  rew=+7.471  start=0.98 completion=1.825 prog=+0.85  win=1  pool=3  speed=24.1  wheelie=0.35 drift=0.04
[iter   357] ts= 2,041,374  eplen= 5964T  rew=+5.917  start=0.98 completion=1.639 prog=+0.66  win=1  pool=3  speed=24.9  wheelie=0.30 drift=0.07
[iter   358] ts= 2,044,776  eplen= 3402T  rew=+4.022  start=0.98 completion=1.416 prog=+0.44  win=0  pool=3  speed=25.7  wheelie=0.25 drift=0.07
[iter   359] ts= 2,051,214  eplen= 6438T  rew=+6.121  start=0.98 completion=1.641 prog=+0.66  win=1  pool=3  speed=24.5  wheelie=0.35 drift=0.06
[iter   360] ts= 2,058,678  eplen= 7464T  rew=+5.695  start=0.98 completion=1.809 prog=+0.83  win=0  pool=3  speed=20.6  wheelie=0.32 drift=0.03
[iter   361] ts= 2,065,572  eplen= 6894T  rew=+7.631  start=0.98 completion=1.787 prog=+0.81  win=1  pool=3  speed=24.6  wheelie=0.31 drift=0.05
[iter   362] ts= 2,072,106  eplen= 6534T  rew=+7.109  start=0.98 completion=1.803 prog=+0.83  win=1  pool=3  speed=25.8  wheelie=0.33 drift=0.05
[iter   363] ts= 2,077,338  eplen= 5232T  rew=+5.396  start=0.98 completion=1.501 prog=+0.52  win=0  pool=3  speed=23.4  wheelie=0.23 drift=0.04
[iter   364] ts= 2,080,914  eplen= 3576T  rew=+2.294  start=0.98 completion=1.197 prog=+0.22  win=0  pool=3  speed=11.4  wheelie=0.17 drift=0.01
[iter   365] ts= 2,088,984  eplen= 8070T  rew=+6.571  start=0.98 completion=1.709 prog=+0.73  win=1  pool=3  speed=19.5  wheelie=0.25 drift=0.04
[iter   366] ts= 2,095,722  eplen= 6738T  rew=+5.928  start=0.98 completion=1.603 prog=+0.63  win=1  pool=3  speed=17.3  wheelie=0.24 drift=0.08
[iter   367] ts= 2,101,164  eplen= 5442T  rew=+6.175  start=0.98 completion=1.698 prog=+0.72  win=1  pool=3  speed=25.4  wheelie=0.25 drift=0.07
[iter   368] ts= 2,108,892  eplen= 7728T  rew=+4.003  start=0.98 completion=1.492 prog=+0.51  win=0  pool=3  speed=14.2  wheelie=0.18 drift=0.03
[iter   369] ts= 2,118,186  eplen= 9294T  rew=+7.349  start=0.98 completion=1.713 prog=+0.74  win=1  pool=3  speed=21.4  wheelie=0.23 drift=0.03
[iter   370] ts= 2,125,506  eplen= 7320T  rew=+5.196  start=0.98 completion=1.675 prog=+0.70  win=1  pool=3  speed=24.8  wheelie=0.27 drift=0.05
[iter   371] ts= 2,130,342  eplen= 4836T  rew=+6.500  start=0.98 completion=1.642 prog=+0.66  win=0  pool=3  speed=27.0  wheelie=0.27 drift=0.04
[iter   372] ts= 2,136,684  eplen= 6342T  rew=+4.517  start=0.98 completion=1.421 prog=+0.44  win=0  pool=3  speed=13.8  wheelie=0.27 drift=0.05
[iter   373] ts= 2,143,356  eplen= 6672T  rew=+6.494  start=0.98 completion=1.698 prog=+0.72  win=0  pool=3  speed=26.8  wheelie=0.31 drift=0.03
[iter   374] ts= 2,152,872  eplen= 9516T  rew=+7.256  start=0.98 completion=1.823 prog=+0.85  win=1  pool=3  speed=22.4  wheelie=0.39 drift=0.03
[iter   375] ts= 2,159,544  eplen= 6672T  rew=+3.044  start=0.98 completion=1.341 prog=+0.36  win=0  pool=3  speed=13.7  wheelie=0.24 drift=0.03
[iter   376] ts= 2,166,984  eplen= 7440T  rew=+8.053  start=0.98 completion=1.866 prog=+0.89  win=1  pool=3  speed=26.7  wheelie=0.32 drift=0.03
[iter   377] ts= 2,174,274  eplen= 7290T  rew=+6.653  start=0.98 completion=1.834 prog=+0.86  win=1  pool=3  speed=25.1  wheelie=0.29 drift=0.05
[iter   378] ts= 2,180,082  eplen= 5808T  rew=+6.395  start=0.98 completion=1.762 prog=+0.78  win=1  pool=3  speed=28.6  wheelie=0.25 drift=0.07
[iter   379] ts= 2,188,002  eplen= 7920T  rew=+4.628  start=0.98 completion=1.609 prog=+0.63  win=0  pool=3  speed=18.0  wheelie=0.23 drift=0.06
[iter   380] ts= 2,195,172  eplen= 7170T  rew=+7.478  start=0.98 completion=1.744 prog=+0.77  win=0  pool=3  speed=21.0  wheelie=0.22 drift=0.05
[iter   381] ts= 2,201,682  eplen= 6510T  rew=+5.216  start=0.98 completion=1.713 prog=+0.74  win=1  pool=3  speed=21.9  wheelie=0.19 drift=0.01
[iter   382] ts= 2,206,608  eplen= 4926T  rew=+3.233  start=0.98 completion=1.400 prog=+0.42  win=0  pool=3  speed=15.7  wheelie=0.18 drift=0.05
[iter   383] ts= 2,215,728  eplen= 9120T  rew=+5.611  start=0.98 completion=1.811 prog=+0.83  win=1  pool=3  speed=23.4  wheelie=0.21 drift=0.05
[iter   384] ts= 2,222,940  eplen= 7212T  rew=+4.992  start=0.98 completion=1.610 prog=+0.63  win=0  pool=3  speed=17.6  wheelie=0.23 drift=0.06
[iter   385] ts= 2,228,448  eplen= 5508T  rew=+6.141  start=0.98 completion=1.646 prog=+0.67  win=0  pool=3  speed=27.4  wheelie=0.19 drift=0.03
[iter   386] ts= 2,234,670  eplen= 6222T  rew=+5.926  start=0.98 completion=1.787 prog=+0.81  win=1  pool=3  speed=23.3  wheelie=0.24 drift=0.04
[iter   387] ts= 2,242,110  eplen= 7440T  rew=+7.388  start=0.98 completion=1.763 prog=+0.79  win=1  pool=3  speed=24.3  wheelie=0.24 drift=0.03
[iter   388] ts= 2,247,912  eplen= 5802T  rew=+5.814  start=0.98 completion=1.653 prog=+0.68  win=1  pool=3  speed=24.2  wheelie=0.30 drift=0.06
[iter   389] ts= 2,254,158  eplen= 6246T  rew=+7.471  start=0.98 completion=1.829 prog=+0.85  win=1  pool=3  speed=26.8  wheelie=0.30 drift=0.03
[iter   390] ts= 2,265,048  eplen=10890T  rew=+5.401  start=0.98 completion=1.794 prog=+0.82  win=0  pool=3  speed=19.8  wheelie=0.23 drift=0.03
[iter   391] ts= 2,271,816  eplen= 6768T  rew=+7.024  start=0.98 completion=1.833 prog=+0.86  win=1  pool=3  speed=25.6  wheelie=0.29 drift=0.03
[iter   392] ts= 2,277,936  eplen= 6120T  rew=+6.640  start=0.98 completion=1.724 prog=+0.75  win=1  pool=3  speed=26.5  wheelie=0.27 drift=0.03
[iter   393] ts= 2,285,382  eplen= 7446T  rew=+6.446  start=0.98 completion=1.748 prog=+0.77  win=1  pool=3  speed=24.4  wheelie=0.23 drift=0.03
[iter   394] ts= 2,289,726  eplen= 4344T  rew=+4.463  start=0.98 completion=1.514 prog=+0.54  win=1  pool=3  speed=27.5  wheelie=0.16 drift=0.10
[iter   395] ts= 2,296,782  eplen= 7056T  rew=+6.594  start=0.98 completion=1.730 prog=+0.75  win=1  pool=3  speed=23.3  wheelie=0.21 drift=0.05
[iter   396] ts= 2,302,968  eplen= 6186T  rew=+3.719  start=0.98 completion=1.556 prog=+0.58  win=1  pool=3  speed=18.4  wheelie=0.21 drift=0.04
[iter   397] ts= 2,307,582  eplen= 4614T  rew=+5.369  start=0.98 completion=1.646 prog=+0.67  win=1  pool=3  speed=27.3  wheelie=0.23 drift=0.05
[iter   398] ts= 2,314,848  eplen= 7266T  rew=+5.434  start=0.98 completion=1.689 prog=+0.71  win=1  pool=3  speed=20.9  wheelie=0.24 drift=0.05
[iter   399] ts= 2,321,586  eplen= 6738T  rew=+6.134  start=0.98 completion=1.812 prog=+0.83  win=1  pool=3  speed=23.9  wheelie=0.22 drift=0.05
[iter   400] ts= 2,325,852  eplen= 4266T  rew=+3.639  start=0.98 completion=1.405 prog=+0.43  win=1  pool=3  speed=18.2  wheelie=0.21 drift=0.05
[iter   401] ts= 2,332,764  eplen= 6912T  rew=+5.136  start=0.98 completion=1.745 prog=+0.77  win=0  pool=3  speed=24.6  wheelie=0.25 drift=0.08
[iter   402] ts= 2,335,734  eplen= 2970T  rew=+3.777  start=0.98 completion=1.341 prog=+0.36  win=0  pool=3  speed=27.4  wheelie=0.18 drift=0.12
[iter   403] ts= 2,344,338  eplen= 8604T  rew=+4.984  start=0.98 completion=1.753 prog=+0.78  win=1  pool=3  speed=19.3  wheelie=0.26 drift=0.06
[iter   404] ts= 2,350,494  eplen= 6156T  rew=+5.600  start=0.98 completion=1.758 prog=+0.78  win=1  pool=3  speed=25.9  wheelie=0.22 drift=0.07
[iter   405] ts= 2,356,380  eplen= 5886T  rew=+5.173  start=0.98 completion=1.555 prog=+0.58  win=0  pool=3  speed=18.3  wheelie=0.18 drift=0.08
[iter   406] ts= 2,363,334  eplen= 6954T  rew=+6.547  start=0.98 completion=1.687 prog=+0.71  win=0  pool=3  speed=20.2  wheelie=0.17 drift=0.04
[iter   407] ts= 2,366,394  eplen= 3060T  rew=+3.956  start=0.98 completion=1.399 prog=+0.42  win=1  pool=3  speed=29.9  wheelie=0.18 drift=0.15
[iter   408] ts= 2,370,474  eplen= 4080T  rew=+4.359  start=0.98 completion=1.447 prog=+0.47  win=0  pool=3  speed=31.4  wheelie=0.17 drift=0.19
[iter   409] ts= 2,375,046  eplen= 4572T  rew=+4.856  start=0.98 completion=1.636 prog=+0.66  win=0  pool=3  speed=27.8  wheelie=0.18 drift=0.06
[iter   410] ts= 2,379,156  eplen= 4110T  rew=+5.262  start=0.98 completion=1.597 prog=+0.62  win=1  pool=3  speed=28.6  wheelie=0.16 drift=0.06
[iter   411] ts= 2,390,154  eplen=10998T  rew=+5.528  start=0.98 completion=1.861 prog=+0.88  win=0  pool=3  speed=17.7  wheelie=0.16 drift=0.05
[iter   412] ts= 2,395,752  eplen= 5598T  rew=+4.926  start=0.98 completion=1.651 prog=+0.67  win=1  pool=3  speed=23.8  wheelie=0.18 drift=0.06
[iter   413] ts= 2,403,024  eplen= 7272T  rew=+4.477  start=0.98 completion=1.667 prog=+0.69  win=1  pool=3  speed=19.5  wheelie=0.22 drift=0.04
[iter   414] ts= 2,407,488  eplen= 4464T  rew=+3.479  start=0.98 completion=1.423 prog=+0.45  win=1  pool=3  speed=21.7  wheelie=0.24 drift=0.12
[iter   415] ts= 2,418,198  eplen=10710T  rew=+5.050  start=0.98 completion=1.969 prog=+0.99  win=1  pool=3  speed=16.6  wheelie=0.24 drift=0.03
[checkpoint] saved checkpoint_2418198.pt
[iter   416] ts= 2,426,340  eplen= 8142T  rew=+5.768  start=0.98 completion=1.845 prog=+0.87  win=1  pool=3  speed=19.5  wheelie=0.25 drift=0.03
[iter   417] ts= 2,434,374  eplen= 8034T  rew=+5.580  start=0.98 completion=1.835 prog=+0.86  win=1  pool=3  speed=19.9  wheelie=0.27 drift=0.04
[iter   418] ts= 2,443,386  eplen= 9012T  rew=+4.495  start=0.98 completion=1.760 prog=+0.78  win=1  pool=3  speed=19.9  wheelie=0.27 drift=0.03
[iter   419] ts= 2,450,940  eplen= 7554T  rew=+6.804  start=0.98 completion=1.835 prog=+0.86  win=1  pool=3  speed=21.7  wheelie=0.27 drift=0.03
[iter   420] ts= 2,456,106  eplen= 5166T  rew=+6.164  start=0.98 completion=1.743 prog=+0.77  win=1  pool=3  speed=26.7  wheelie=0.28 drift=0.04
[iter   421] ts= 2,462,730  eplen= 6624T  rew=+4.373  start=0.98 completion=1.647 prog=+0.67  win=1  pool=3  speed=21.4  wheelie=0.29 drift=0.06
[iter   422] ts= 2,467,632  eplen= 4902T  rew=+4.075  start=0.98 completion=1.472 prog=+0.49  win=0  pool=3  speed=24.2  wheelie=0.25 drift=0.07
[iter   423] ts= 2,474,586  eplen= 6954T  rew=+4.040  start=0.98 completion=1.537 prog=+0.56  win=0  pool=3  speed=13.7  wheelie=0.25 drift=0.05
[iter   424] ts= 2,481,594  eplen= 7008T  rew=+3.318  start=0.98 completion=1.566 prog=+0.59  win=1  pool=3  speed=15.1  wheelie=0.28 drift=0.04
[iter   425] ts= 2,488,620  eplen= 7026T  rew=+5.510  start=0.98 completion=1.820 prog=+0.84  win=1  pool=3  speed=22.7  wheelie=0.23 drift=0.04
[iter   426] ts= 2,494,434  eplen= 5814T  rew=+5.015  start=0.98 completion=1.641 prog=+0.66  win=1  pool=3  speed=23.8  wheelie=0.24 drift=0.08
[iter   427] ts= 2,506,302  eplen=11868T  rew=+6.168  start=0.98 completion=1.933 prog=+0.96  win=1  pool=3  speed=17.4  wheelie=0.22 drift=0.02
[iter   428] ts= 2,513,670  eplen= 7368T  rew=+5.038  start=0.98 completion=1.688 prog=+0.71  win=0  pool=3  speed=19.5  wheelie=0.25 drift=0.03
[iter   429] ts= 2,518,236  eplen= 4566T  rew=+5.578  start=0.98 completion=1.675 prog=+0.70  win=1  pool=3  speed=30.0  wheelie=0.26 drift=0.07
[iter   430] ts= 2,526,006  eplen= 7770T  rew=+5.100  start=0.98 completion=1.801 prog=+0.82  win=0  pool=3  speed=20.5  wheelie=0.25 drift=0.04
[iter   431] ts= 2,533,734  eplen= 7728T  rew=+6.987  start=0.98 completion=1.813 prog=+0.84  win=1  pool=3  speed=21.9  wheelie=0.25 drift=0.04
[iter   432] ts= 2,540,874  eplen= 7140T  rew=+3.805  start=0.98 completion=1.626 prog=+0.65  win=0  pool=3  speed=19.1  wheelie=0.25 drift=0.02
[iter   433] ts= 2,556,678  eplen=15804T  rew=+6.499  start=0.98 completion=2.328 prog=+1.35  win=1  pool=3  speed=18.7  wheelie=0.24 drift=0.03
[iter   434] ts= 2,564,454  eplen= 7776T  rew=+6.475  start=0.98 completion=1.823 prog=+0.85  win=1  pool=3  speed=22.3  wheelie=0.23 drift=0.04
[iter   435] ts= 2,582,082  eplen=17628T  rew=+5.097  start=0.98 completion=2.349 prog=+1.37  win=1  pool=3  speed=16.1  wheelie=0.24 drift=0.04
[iter   436] ts= 2,588,580  eplen= 6498T  rew=+5.823  start=0.98 completion=1.829 prog=+0.85  win=1  pool=3  speed=26.6  wheelie=0.21 drift=0.03
[iter   437] ts= 2,592,108  eplen= 3528T  rew=+3.432  start=0.98 completion=1.369 prog=+0.39  win=0  pool=3  speed=19.0  wheelie=0.24 drift=0.05
[iter   438] ts= 2,601,510  eplen= 9402T  rew=+4.820  start=0.98 completion=1.806 prog=+0.83  win=0  pool=3  speed=16.6  wheelie=0.22 drift=0.02
[iter   439] ts= 2,610,336  eplen= 8826T  rew=+5.371  start=0.98 completion=1.819 prog=+0.84  win=1  pool=3  speed=17.1  wheelie=0.24 drift=0.02
[iter   440] ts= 2,615,406  eplen= 5070T  rew=+5.555  start=0.98 completion=1.671 prog=+0.69  win=1  pool=3  speed=27.2  wheelie=0.26 drift=0.06
[iter   441] ts= 2,621,394  eplen= 5988T  rew=+7.160  start=0.98 completion=1.795 prog=+0.82  win=1  pool=3  speed=28.2  wheelie=0.31 drift=0.05
[iter   442] ts= 2,627,244  eplen= 5850T  rew=+5.594  start=0.98 completion=1.684 prog=+0.71  win=1  pool=3  speed=25.1  wheelie=0.34 drift=0.05
[iter   443] ts= 2,632,308  eplen= 5064T  rew=+5.403  start=0.98 completion=1.662 prog=+0.68  win=0  pool=3  speed=27.4  wheelie=0.33 drift=0.06
[iter   444] ts= 2,639,034  eplen= 6726T  rew=+6.172  start=0.98 completion=1.664 prog=+0.69  win=1  pool=3  speed=23.3  wheelie=0.32 drift=0.02
[iter   445] ts= 2,645,874  eplen= 6840T  rew=+4.407  start=0.98 completion=1.736 prog=+0.76  win=0  pool=3  speed=26.1  wheelie=0.30 drift=0.05
[iter   446] ts= 2,650,080  eplen= 4206T  rew=+3.607  start=0.98 completion=1.439 prog=+0.46  win=1  pool=3  speed=24.9  wheelie=0.35 drift=0.11
[iter   447] ts= 2,657,370  eplen= 7290T  rew=+6.265  start=0.98 completion=1.754 prog=+0.78  win=1  pool=3  speed=25.2  wheelie=0.36 drift=0.03
[iter   448] ts= 2,663,166  eplen= 5796T  rew=+5.453  start=0.98 completion=1.687 prog=+0.71  win=1  pool=3  speed=28.2  wheelie=0.24 drift=0.06
[iter   449] ts= 2,673,552  eplen=10386T  rew=+6.939  start=0.98 completion=1.828 prog=+0.85  win=1  pool=3  speed=17.3  wheelie=0.29 drift=0.02
[iter   450] ts= 2,680,182  eplen= 6630T  rew=+6.672  start=0.98 completion=1.818 prog=+0.84  win=1  pool=3  speed=26.3  wheelie=0.28 drift=0.05
[iter   451] ts= 2,688,390  eplen= 8208T  rew=+8.494  start=0.98 completion=1.878 prog=+0.90  win=0  pool=3  speed=24.9  wheelie=0.30 drift=0.05
[iter   452] ts= 2,693,754  eplen= 5364T  rew=+5.995  start=0.98 completion=1.764 prog=+0.79  win=1  pool=3  speed=29.3  wheelie=0.32 drift=0.05
[iter   453] ts= 2,696,898  eplen= 3144T  rew=+4.697  start=0.98 completion=1.489 prog=+0.51  win=1  pool=3  speed=31.7  wheelie=0.31 drift=0.09
[iter   454] ts= 2,704,638  eplen= 7740T  rew=+7.005  start=0.98 completion=1.834 prog=+0.86  win=1  pool=3  speed=24.6  wheelie=0.39 drift=0.01
[iter   455] ts= 2,710,434  eplen= 5796T  rew=+5.010  start=0.98 completion=1.695 prog=+0.72  win=0  pool=3  speed=26.6  wheelie=0.35 drift=0.04
[iter   456] ts= 2,716,920  eplen= 6486T  rew=+6.073  start=0.98 completion=1.840 prog=+0.86  win=1  pool=3  speed=26.2  wheelie=0.28 drift=0.03
[iter   457] ts= 2,722,854  eplen= 5934T  rew=+5.995  start=0.98 completion=1.806 prog=+0.83  win=0  pool=3  speed=28.2  wheelie=0.26 drift=0.06
[iter   458] ts= 2,732,706  eplen= 9852T  rew=+5.379  start=0.98 completion=1.780 prog=+0.80  win=0  pool=3  speed=14.3  wheelie=0.32 drift=0.02
[iter   459] ts= 2,738,478  eplen= 5772T  rew=+7.048  start=0.98 completion=1.840 prog=+0.86  win=1  pool=3  speed=28.1  wheelie=0.28 drift=0.04
[iter   460] ts= 2,747,232  eplen= 8754T  rew=+4.754  start=0.98 completion=1.812 prog=+0.83  win=1  pool=3  speed=19.0  wheelie=0.20 drift=0.04
[iter   461] ts= 2,756,304  eplen= 9072T  rew=+5.015  start=0.98 completion=1.815 prog=+0.84  win=0  pool=3  speed=19.9  wheelie=0.23 drift=0.04
[iter   462] ts= 2,762,322  eplen= 6018T  rew=+5.521  start=0.98 completion=1.752 prog=+0.77  win=1  pool=3  speed=23.7  wheelie=0.25 drift=0.04
[iter   463] ts= 2,768,256  eplen= 5934T  rew=+5.800  start=0.98 completion=1.731 prog=+0.75  win=1  pool=3  speed=26.1  wheelie=0.33 drift=0.05
[iter   464] ts= 2,775,666  eplen= 7410T  rew=+7.932  start=0.98 completion=1.827 prog=+0.85  win=0  pool=3  speed=23.4  wheelie=0.29 drift=0.04
[iter   465] ts= 2,783,952  eplen= 8286T  rew=+6.721  start=0.98 completion=1.854 prog=+0.88  win=1  pool=3  speed=22.9  wheelie=0.36 drift=0.03
[iter   466] ts= 2,791,548  eplen= 7596T  rew=+6.333  start=0.98 completion=1.654 prog=+0.68  win=0  pool=3  speed=21.7  wheelie=0.29 drift=0.05
[iter   467] ts= 2,800,800  eplen= 9252T  rew=+4.804  start=0.98 completion=1.834 prog=+0.86  win=1  pool=3  speed=21.7  wheelie=0.26 drift=0.04
[iter   468] ts= 2,807,052  eplen= 6252T  rew=+7.208  start=0.98 completion=1.764 prog=+0.79  win=0  pool=3  speed=25.3  wheelie=0.33 drift=0.05
[iter   469] ts= 2,812,110  eplen= 5058T  rew=+4.641  start=0.98 completion=1.625 prog=+0.65  win=0  pool=3  speed=26.9  wheelie=0.35 drift=0.04
[iter   470] ts= 2,819,370  eplen= 7260T  rew=+5.460  start=0.98 completion=1.777 prog=+0.80  win=1  pool=3  speed=26.7  wheelie=0.34 drift=0.04
[checkpoint] saved checkpoint_2819370.pt
[iter   471] ts= 2,825,514  eplen= 6144T  rew=+3.582  start=0.98 completion=1.548 prog=+0.57  win=0  pool=3  speed=19.4  wheelie=0.36 drift=0.03
[iter   472] ts= 2,832,192  eplen= 6678T  rew=+6.605  start=0.98 completion=1.800 prog=+0.82  win=1  pool=3  speed=23.3  wheelie=0.38 drift=0.02
[iter   473] ts= 2,839,110  eplen= 6918T  rew=+4.632  start=0.98 completion=1.684 prog=+0.71  win=1  pool=3  speed=20.7  wheelie=0.37 drift=0.03
[iter   474] ts= 2,846,688  eplen= 7578T  rew=+7.177  start=0.98 completion=1.830 prog=+0.85  win=1  pool=3  speed=22.7  wheelie=0.36 drift=0.04
[iter   475] ts= 2,853,102  eplen= 6414T  rew=+5.998  start=0.98 completion=1.824 prog=+0.85  win=1  pool=3  speed=24.5  wheelie=0.31 drift=0.04
[iter   476] ts= 2,860,044  eplen= 6942T  rew=+5.813  start=0.98 completion=1.833 prog=+0.86  win=1  pool=3  speed=24.2  wheelie=0.32 drift=0.04
[iter   477] ts= 2,867,412  eplen= 7368T  rew=+6.124  start=0.98 completion=1.844 prog=+0.87  win=1  pool=3  speed=22.5  wheelie=0.32 drift=0.03
[iter   478] ts= 2,872,068  eplen= 4656T  rew=+5.753  start=0.98 completion=1.662 prog=+0.68  win=1  pool=3  speed=29.0  wheelie=0.29 drift=0.06
[iter   479] ts= 2,876,550  eplen= 4482T  rew=+5.775  start=0.98 completion=1.649 prog=+0.67  win=0  pool=3  speed=27.0  wheelie=0.32 drift=0.05
[iter   480] ts= 2,881,764  eplen= 5214T  rew=+5.452  start=0.98 completion=1.654 prog=+0.68  win=1  pool=3  speed=27.7  wheelie=0.32 drift=0.06
[iter   481] ts= 2,887,602  eplen= 5838T  rew=+4.965  start=0.98 completion=1.680 prog=+0.70  win=1  pool=3  speed=27.7  wheelie=0.30 drift=0.05
[iter   482] ts= 2,893,224  eplen= 5622T  rew=+6.210  start=0.98 completion=1.746 prog=+0.77  win=1  pool=3  speed=25.2  wheelie=0.25 drift=0.06
[iter   483] ts= 2,898,882  eplen= 5658T  rew=+5.118  start=0.98 completion=1.624 prog=+0.65  win=1  pool=3  speed=27.4  wheelie=0.26 drift=0.06
[iter   484] ts= 2,905,536  eplen= 6654T  rew=+5.546  start=0.98 completion=1.735 prog=+0.76  win=1  pool=3  speed=22.6  wheelie=0.25 drift=0.04
[iter   485] ts= 2,911,764  eplen= 6228T  rew=+7.282  start=0.98 completion=1.713 prog=+0.74  win=0  pool=3  speed=25.4  wheelie=0.23 drift=0.06
[iter   486] ts= 2,919,318  eplen= 7554T  rew=+5.509  start=0.98 completion=1.860 prog=+0.88  win=1  pool=3  speed=25.1  wheelie=0.24 drift=0.03
[iter   487] ts= 2,925,144  eplen= 5826T  rew=+5.787  start=0.98 completion=1.666 prog=+0.69  win=1  pool=3  speed=26.9  wheelie=0.23 drift=0.06
[iter   488] ts= 2,934,930  eplen= 9786T  rew=+5.666  start=0.98 completion=1.840 prog=+0.86  win=0  pool=3  speed=20.1  wheelie=0.19 drift=0.02
[iter   489] ts= 2,941,830  eplen= 6900T  rew=+6.300  start=0.98 completion=1.834 prog=+0.86  win=1  pool=3  speed=26.2  wheelie=0.25 drift=0.06
[iter   490] ts= 2,947,722  eplen= 5892T  rew=+6.042  start=0.98 completion=1.818 prog=+0.84  win=1  pool=3  speed=24.9  wheelie=0.22 drift=0.04
[iter   491] ts= 2,952,090  eplen= 4368T  rew=+5.752  start=0.98 completion=1.666 prog=+0.69  win=1  pool=3  speed=31.2  wheelie=0.21 drift=0.07
[iter   492] ts= 2,958,774  eplen= 6684T  rew=+6.078  start=0.98 completion=1.813 prog=+0.84  win=1  pool=3  speed=23.1  wheelie=0.21 drift=0.05
[iter   493] ts= 2,965,326  eplen= 6552T  rew=+6.151  start=0.98 completion=1.831 prog=+0.85  win=1  pool=3  speed=24.9  wheelie=0.21 drift=0.06
[iter   494] ts= 2,970,444  eplen= 5118T  rew=+5.043  start=0.98 completion=1.652 prog=+0.67  win=1  pool=3  speed=23.7  wheelie=0.21 drift=0.05
[iter   495] ts= 2,975,628  eplen= 5184T  rew=+6.634  start=0.98 completion=1.817 prog=+0.84  win=1  pool=3  speed=30.4  wheelie=0.22 drift=0.04
[iter   496] ts= 2,982,300  eplen= 6672T  rew=+5.948  start=0.98 completion=1.818 prog=+0.84  win=1  pool=3  speed=24.2  wheelie=0.21 drift=0.05
[iter   497] ts= 2,987,364  eplen= 5064T  rew=+6.850  start=0.98 completion=1.823 prog=+0.85  win=1  pool=3  speed=29.6  wheelie=0.20 drift=0.05
[iter   498] ts= 2,993,082  eplen= 5718T  rew=+3.989  start=0.98 completion=1.561 prog=+0.58  win=1  pool=3  speed=21.0  wheelie=0.20 drift=0.06
[iter   499] ts= 2,999,958  eplen= 6876T  rew=+6.031  start=0.98 completion=1.742 prog=+0.76  win=1  pool=3  speed=21.7  wheelie=0.25 drift=0.03
[iter   500] ts= 3,008,772  eplen= 8814T  rew=+4.365  start=0.98 completion=1.816 prog=+0.84  win=1  pool=3  speed=17.1  wheelie=0.26 drift=0.04
[iter   501] ts= 3,015,426  eplen= 6654T  rew=+6.062  start=0.98 completion=1.796 prog=+0.82  win=1  pool=3  speed=24.1  wheelie=0.25 drift=0.05
[selfplay] pushed snapshot (pool=4)
[iter   502] ts= 3,023,634  eplen= 8208T  rew=+4.767  start=0.98 completion=1.797 prog=+0.82  win=1  pool=4  speed=18.3  wheelie=0.26 drift=0.03
[iter   503] ts= 3,030,462  eplen= 6828T  rew=+4.944  start=0.98 completion=1.748 prog=+0.77  win=1  pool=4  speed=20.6  wheelie=0.26 drift=0.04
[iter   504] ts= 3,035,418  eplen= 4956T  rew=+6.975  start=0.98 completion=1.777 prog=+0.80  win=1  pool=4  speed=31.3  wheelie=0.23 drift=0.08
[iter   505] ts= 3,041,718  eplen= 6300T  rew=+6.033  start=0.98 completion=1.789 prog=+0.81  win=1  pool=4  speed=23.3  wheelie=0.26 drift=0.06
[iter   506] ts= 3,046,470  eplen= 4752T  rew=+6.444  start=0.98 completion=1.731 prog=+0.75  win=1  pool=4  speed=27.7  wheelie=0.23 drift=0.06
[iter   507] ts= 3,056,262  eplen= 9792T  rew=+3.898  start=0.98 completion=1.800 prog=+0.82  win=1  pool=4  speed=15.3  wheelie=0.28 drift=0.03
[iter   508] ts= 3,062,856  eplen= 6594T  rew=+6.354  start=0.98 completion=1.793 prog=+0.82  win=1  pool=4  speed=24.9  wheelie=0.19 drift=0.05
[iter   509] ts= 3,069,384  eplen= 6528T  rew=+5.708  start=0.98 completion=1.808 prog=+0.83  win=1  pool=4  speed=22.2  wheelie=0.22 drift=0.05
[iter   510] ts= 3,073,608  eplen= 4224T  rew=+4.385  start=0.98 completion=1.487 prog=+0.51  win=1  pool=4  speed=21.6  wheelie=0.25 drift=0.07
[iter   511] ts= 3,078,864  eplen= 5256T  rew=+6.743  start=0.98 completion=1.818 prog=+0.84  win=1  pool=4  speed=28.6  wheelie=0.14 drift=0.06
[iter   512] ts= 3,084,660  eplen= 5796T  rew=+6.358  start=0.98 completion=1.807 prog=+0.83  win=1  pool=4  speed=25.8  wheelie=0.18 drift=0.07
[iter   513] ts= 3,090,588  eplen= 5928T  rew=+4.788  start=0.98 completion=1.578 prog=+0.60  win=0  pool=4  speed=18.8  wheelie=0.22 drift=0.07
[iter   514] ts= 3,097,692  eplen= 7104T  rew=+5.505  start=0.98 completion=1.759 prog=+0.78  win=0  pool=4  speed=19.2  wheelie=0.16 drift=0.04
[iter   515] ts= 3,101,652  eplen= 3960T  rew=+4.478  start=0.98 completion=1.493 prog=+0.52  win=0  pool=4  speed=21.0  wheelie=0.19 drift=0.06
[iter   516] ts= 3,109,818  eplen= 8166T  rew=+4.958  start=0.98 completion=1.758 prog=+0.78  win=1  pool=4  speed=19.0  wheelie=0.16 drift=0.06
[iter   517] ts= 3,117,684  eplen= 7866T  rew=+4.424  start=0.98 completion=1.554 prog=+0.58  win=0  pool=4  speed=14.1  wheelie=0.20 drift=0.09
[iter   518] ts= 3,122,592  eplen= 4908T  rew=+5.194  start=0.98 completion=1.678 prog=+0.70  win=1  pool=4  speed=24.5  wheelie=0.16 drift=0.05
[iter   519] ts= 3,133,044  eplen=10452T  rew=+3.742  start=0.98 completion=1.802 prog=+0.83  win=1  pool=4  speed=13.6  wheelie=0.14 drift=0.03
[iter   520] ts= 3,138,186  eplen= 5142T  rew=+6.419  start=0.98 completion=1.821 prog=+0.84  win=1  pool=4  speed=29.0  wheelie=0.16 drift=0.05
[iter   521] ts= 3,145,572  eplen= 7386T  rew=+5.391  start=0.98 completion=1.817 prog=+0.84  win=1  pool=4  speed=19.7  wheelie=0.18 drift=0.05
[iter   522] ts= 3,151,452  eplen= 5880T  rew=+6.133  start=0.98 completion=1.809 prog=+0.83  win=1  pool=4  speed=24.5  wheelie=0.22 drift=0.05
[iter   523] ts= 3,156,396  eplen= 4944T  rew=+5.154  start=0.98 completion=1.685 prog=+0.71  win=0  pool=4  speed=23.6  wheelie=0.28 drift=0.05
[iter   524] ts= 3,161,328  eplen= 4932T  rew=+5.239  start=0.98 completion=1.654 prog=+0.68  win=1  pool=4  speed=23.8  wheelie=0.30 drift=0.06
[iter   525] ts= 3,167,046  eplen= 5718T  rew=+6.181  start=0.98 completion=1.816 prog=+0.84  win=1  pool=4  speed=25.1  wheelie=0.23 drift=0.05
[iter   526] ts= 3,174,876  eplen= 7830T  rew=+5.313  start=0.98 completion=1.808 prog=+0.83  win=1  pool=4  speed=19.6  wheelie=0.27 drift=0.04
[iter   527] ts= 3,180,036  eplen= 5160T  rew=+5.835  start=0.98 completion=1.691 prog=+0.71  win=1  pool=4  speed=24.4  wheelie=0.27 drift=0.05
[iter   528] ts= 3,186,978  eplen= 6942T  rew=+7.501  start=0.98 completion=1.799 prog=+0.82  win=1  pool=4  speed=23.2  wheelie=0.26 drift=0.04
[iter   529] ts= 3,193,506  eplen= 6528T  rew=+6.347  start=0.98 completion=1.750 prog=+0.77  win=1  pool=4  speed=22.2  wheelie=0.24 drift=0.05
[iter   530] ts= 3,199,950  eplen= 6444T  rew=+5.249  start=0.98 completion=1.751 prog=+0.77  win=1  pool=4  speed=20.6  wheelie=0.23 drift=0.04
[iter   531] ts= 3,206,232  eplen= 6282T  rew=+5.328  start=0.98 completion=1.754 prog=+0.78  win=1  pool=4  speed=21.8  wheelie=0.18 drift=0.05
[iter   532] ts= 3,214,362  eplen= 8130T  rew=+4.937  start=0.98 completion=1.810 prog=+0.83  win=1  pool=4  speed=18.3  wheelie=0.19 drift=0.03
[iter   533] ts= 3,220,998  eplen= 6636T  rew=+5.801  start=0.98 completion=1.786 prog=+0.81  win=1  pool=4  speed=22.9  wheelie=0.18 drift=0.06
[checkpoint] saved checkpoint_3220998.pt
[iter   534] ts= 3,226,056  eplen= 5058T  rew=+6.551  start=0.98 completion=1.800 prog=+0.82  win=1  pool=4  speed=29.4  wheelie=0.19 drift=0.06
[iter   535] ts= 3,231,822  eplen= 5766T  rew=+4.771  start=0.98 completion=1.551 prog=+0.57  win=0  pool=4  speed=18.2  wheelie=0.28 drift=0.07
[iter   536] ts= 3,241,512  eplen= 9690T  rew=+6.763  start=0.98 completion=1.810 prog=+0.83  win=0  pool=4  speed=14.3  wheelie=0.20 drift=0.04
[iter   537] ts= 3,246,840  eplen= 5328T  rew=+6.578  start=0.98 completion=1.819 prog=+0.84  win=1  pool=4  speed=28.7  wheelie=0.19 drift=0.05
[iter   538] ts= 3,252,084  eplen= 5244T  rew=+6.626  start=0.98 completion=1.810 prog=+0.83  win=1  pool=4  speed=26.6  wheelie=0.21 drift=0.03
[iter   539] ts= 3,259,680  eplen= 7596T  rew=+5.070  start=0.98 completion=1.808 prog=+0.83  win=1  pool=4  speed=19.3  wheelie=0.17 drift=0.03
[iter   540] ts= 3,267,072  eplen= 7392T  rew=+4.857  start=0.98 completion=1.795 prog=+0.82  win=1  pool=4  speed=19.9  wheelie=0.22 drift=0.04
[iter   541] ts= 3,272,442  eplen= 5370T  rew=+6.812  start=0.98 completion=1.819 prog=+0.84  win=1  pool=4  speed=28.9  wheelie=0.20 drift=0.04
[iter   542] ts= 3,277,884  eplen= 5442T  rew=+6.038  start=0.98 completion=1.802 prog=+0.82  win=1  pool=4  speed=26.4  wheelie=0.20 drift=0.06
[iter   543] ts= 3,284,502  eplen= 6618T  rew=+6.074  start=0.98 completion=1.813 prog=+0.84  win=1  pool=4  speed=22.8  wheelie=0.20 drift=0.05
[iter   544] ts= 3,291,330  eplen= 6828T  rew=+6.220  start=0.98 completion=1.811 prog=+0.83  win=1  pool=4  speed=21.2  wheelie=0.22 drift=0.04
[iter   545] ts= 3,296,010  eplen= 4680T  rew=+6.230  start=0.98 completion=1.786 prog=+0.81  win=1  pool=4  speed=26.7  wheelie=0.25 drift=0.06
[iter   546] ts= 3,299,640  eplen= 3630T  rew=+2.272  start=0.98 completion=1.288 prog=+0.31  win=0  pool=4  speed=13.0  wheelie=0.35 drift=0.08
[iter   547] ts= 3,307,782  eplen= 8142T  rew=+4.638  start=0.98 completion=1.812 prog=+0.83  win=1  pool=4  speed=17.7  wheelie=0.13 drift=0.04
[iter   548] ts= 3,311,454  eplen= 3672T  rew=+2.540  start=0.98 completion=1.299 prog=+0.32  win=0  pool=4  speed=13.5  wheelie=0.33 drift=0.07
[iter   549] ts= 3,318,366  eplen= 6912T  rew=+6.086  start=0.98 completion=1.802 prog=+0.82  win=1  pool=4  speed=20.7  wheelie=0.17 drift=0.04
[iter   550] ts= 3,325,506  eplen= 7140T  rew=+5.449  start=0.98 completion=1.809 prog=+0.83  win=1  pool=4  speed=18.9  wheelie=0.17 drift=0.03
[iter   551] ts= 3,335,310  eplen= 9804T  rew=+5.208  start=0.98 completion=1.818 prog=+0.84  win=0  pool=4  speed=14.9  wheelie=0.29 drift=0.04
[iter   552] ts= 3,342,168  eplen= 6858T  rew=+5.462  start=0.98 completion=1.813 prog=+0.84  win=1  pool=4  speed=20.9  wheelie=0.14 drift=0.04
[iter   553] ts= 3,353,208  eplen=11040T  rew=+3.408  start=0.98 completion=1.816 prog=+0.84  win=1  pool=4  speed=13.7  wheelie=0.18 drift=0.03
[iter   554] ts= 3,360,474  eplen= 7266T  rew=+5.567  start=0.98 completion=1.795 prog=+0.82  win=1  pool=4  speed=19.9  wheelie=0.15 drift=0.04
[iter   555] ts= 3,364,806  eplen= 4332T  rew=+2.484  start=0.98 completion=1.298 prog=+0.32  win=0  pool=4  speed=11.1  wheelie=0.38 drift=0.06
[iter   556] ts= 3,371,316  eplen= 6510T  rew=+5.807  start=0.98 completion=1.795 prog=+0.82  win=1  pool=4  speed=22.4  wheelie=0.14 drift=0.06
[iter   557] ts= 3,378,810  eplen= 7494T  rew=+5.385  start=0.98 completion=1.798 prog=+0.82  win=1  pool=4  speed=17.3  wheelie=0.25 drift=0.04
[iter   558] ts= 3,386,448  eplen= 7638T  rew=+4.806  start=0.98 completion=1.802 prog=+0.82  win=1  pool=4  speed=18.8  wheelie=0.15 drift=0.04
[iter   559] ts= 3,391,308  eplen= 4860T  rew=+6.431  start=0.98 completion=1.806 prog=+0.83  win=1  pool=4  speed=28.8  wheelie=0.14 drift=0.05
[iter   560] ts= 3,399,912  eplen= 8604T  rew=+5.307  start=0.98 completion=1.787 prog=+0.81  win=0  pool=4  speed=15.7  wheelie=0.19 drift=0.04
[iter   561] ts= 3,406,794  eplen= 6882T  rew=+5.168  start=0.98 completion=1.812 prog=+0.83  win=1  pool=4  speed=20.5  wheelie=0.13 drift=0.05
[iter   562] ts= 3,415,356  eplen= 8562T  rew=+5.889  start=0.98 completion=1.811 prog=+0.83  win=0  pool=4  speed=16.0  wheelie=0.26 drift=0.05
[iter   563] ts= 3,433,116  eplen=17760T  rew=+0.985  start=0.98 completion=1.799 prog=+0.82  win=0  pool=4  speed=7.4  wheelie=0.33 drift=0.04
[iter   564] ts= 3,438,570  eplen= 5454T  rew=+6.168  start=0.98 completion=1.805 prog=+0.83  win=1  pool=4  speed=25.7  wheelie=0.17 drift=0.05
[iter   565] ts= 3,448,674  eplen=10104T  rew=+3.084  start=0.98 completion=1.786 prog=+0.81  win=1  pool=4  speed=13.7  wheelie=0.20 drift=0.03
[iter   566] ts= 3,455,670  eplen= 6996T  rew=+5.200  start=0.98 completion=1.789 prog=+0.81  win=0  pool=4  speed=19.9  wheelie=0.20 drift=0.04
[iter   567] ts= 3,462,114  eplen= 6444T  rew=+5.508  start=0.98 completion=1.785 prog=+0.81  win=0  pool=4  speed=21.2  wheelie=0.23 drift=0.05
[iter   568] ts= 3,469,614  eplen= 7500T  rew=+6.624  start=0.98 completion=1.803 prog=+0.83  win=0  pool=4  speed=20.3  wheelie=0.26 drift=0.04
[iter   569] ts= 3,479,562  eplen= 9948T  rew=+4.602  start=0.98 completion=1.799 prog=+0.82  win=1  pool=4  speed=13.7  wheelie=0.29 drift=0.04
[iter   570] ts= 3,485,550  eplen= 5988T  rew=+5.639  start=0.98 completion=1.754 prog=+0.78  win=1  pool=4  speed=23.3  wheelie=0.22 drift=0.05
[iter   571] ts= 3,489,522  eplen= 3972T  rew=+5.498  start=0.98 completion=1.647 prog=+0.67  win=1  pool=4  speed=28.4  wheelie=0.21 drift=0.06
[iter   572] ts= 3,494,718  eplen= 5196T  rew=+5.699  start=0.98 completion=1.751 prog=+0.77  win=1  pool=4  speed=25.1  wheelie=0.24 drift=0.04
[iter   573] ts= 3,501,402  eplen= 6684T  rew=+5.761  start=0.98 completion=1.809 prog=+0.83  win=0  pool=4  speed=20.1  wheelie=0.23 drift=0.04
[iter   574] ts= 3,507,678  eplen= 6276T  rew=+5.813  start=0.98 completion=1.812 prog=+0.83  win=1  pool=4  speed=23.1  wheelie=0.23 drift=0.04
[iter   575] ts= 3,512,478  eplen= 4800T  rew=+6.147  start=0.98 completion=1.744 prog=+0.77  win=1  pool=4  speed=28.1  wheelie=0.27 drift=0.06
[iter   576] ts= 3,517,764  eplen= 5286T  rew=+6.519  start=0.98 completion=1.825 prog=+0.85  win=1  pool=4  speed=29.8  wheelie=0.24 drift=0.06
[iter   577] ts= 3,523,566  eplen= 5802T  rew=+6.140  start=0.98 completion=1.811 prog=+0.83  win=1  pool=4  speed=25.3  wheelie=0.28 drift=0.05
[iter   578] ts= 3,528,522  eplen= 4956T  rew=+7.084  start=0.98 completion=1.802 prog=+0.83  win=1  pool=4  speed=30.0  wheelie=0.30 drift=0.05
[iter   579] ts= 3,534,852  eplen= 6330T  rew=+5.704  start=0.98 completion=1.810 prog=+0.83  win=1  pool=4  speed=23.3  wheelie=0.30 drift=0.04
[iter   580] ts= 3,540,570  eplen= 5718T  rew=+6.671  start=0.98 completion=1.813 prog=+0.84  win=1  pool=4  speed=26.2  wheelie=0.25 drift=0.05
[iter   581] ts= 3,546,384  eplen= 5814T  rew=+6.198  start=0.98 completion=1.814 prog=+0.84  win=1  pool=4  speed=25.7  wheelie=0.24 drift=0.05
[iter   582] ts= 3,551,436  eplen= 5052T  rew=+6.402  start=0.98 completion=1.804 prog=+0.83  win=1  pool=4  speed=28.3  wheelie=0.30 drift=0.05
[iter   583] ts= 3,556,812  eplen= 5376T  rew=+6.967  start=0.98 completion=1.810 prog=+0.83  win=1  pool=4  speed=27.5  wheelie=0.26 drift=0.06
[iter   584] ts= 3,564,924  eplen= 8112T  rew=+4.461  start=0.98 completion=1.804 prog=+0.83  win=1  pool=4  speed=17.5  wheelie=0.30 drift=0.05
[iter   585] ts= 3,569,208  eplen= 4284T  rew=+7.238  start=0.98 completion=1.815 prog=+0.84  win=1  pool=4  speed=34.8  wheelie=0.27 drift=0.10
[iter   586] ts= 3,579,348  eplen=10140T  rew=+4.522  start=0.98 completion=1.807 prog=+0.83  win=0  pool=4  speed=13.7  wheelie=0.34 drift=0.03
[iter   587] ts= 3,585,540  eplen= 6192T  rew=+6.436  start=0.98 completion=1.811 prog=+0.83  win=1  pool=4  speed=23.7  wheelie=0.30 drift=0.05
[iter   588] ts= 3,590,856  eplen= 5316T  rew=+6.191  start=0.98 completion=1.809 prog=+0.83  win=1  pool=4  speed=26.5  wheelie=0.36 drift=0.07
[iter   589] ts= 3,604,236  eplen=13380T  rew=+2.095  start=0.98 completion=1.383 prog=+0.41  win=0  pool=4  speed=5.6  wheelie=0.32 drift=0.05
[iter   590] ts= 3,610,680  eplen= 6444T  rew=+5.735  start=0.98 completion=1.804 prog=+0.83  win=1  pool=4  speed=23.3  wheelie=0.31 drift=0.06
[iter   591] ts= 3,616,884  eplen= 6204T  rew=+5.743  start=0.98 completion=1.798 prog=+0.82  win=1  pool=4  speed=23.2  wheelie=0.32 drift=0.06
[iter   592] ts= 3,624,582  eplen= 7698T  rew=+5.635  start=0.98 completion=1.796 prog=+0.82  win=1  pool=4  speed=20.4  wheelie=0.33 drift=0.06
[checkpoint] saved checkpoint_3624582.pt
[iter   593] ts= 3,629,022  eplen= 4440T  rew=+6.611  start=0.98 completion=1.749 prog=+0.77  win=1  pool=4  speed=30.3  wheelie=0.28 drift=0.07
[iter   594] ts= 3,634,920  eplen= 5898T  rew=+6.333  start=0.98 completion=1.806 prog=+0.83  win=1  pool=4  speed=26.0  wheelie=0.29 drift=0.07
[iter   595] ts= 3,642,306  eplen= 7386T  rew=+5.676  start=0.98 completion=1.799 prog=+0.82  win=1  pool=4  speed=20.3  wheelie=0.34 drift=0.05
[iter   596] ts= 3,647,472  eplen= 5166T  rew=+6.429  start=0.98 completion=1.804 prog=+0.83  win=1  pool=4  speed=27.3  wheelie=0.32 drift=0.04
[iter   597] ts= 3,652,602  eplen= 5130T  rew=+6.467  start=0.98 completion=1.807 prog=+0.83  win=1  pool=4  speed=28.7  wheelie=0.29 drift=0.05
[iter   598] ts= 3,658,482  eplen= 5880T  rew=+6.084  start=0.98 completion=1.807 prog=+0.83  win=1  pool=4  speed=24.9  wheelie=0.33 drift=0.05
[iter   599] ts= 3,666,750  eplen= 8268T  rew=+4.251  start=0.98 completion=1.813 prog=+0.84  win=1  pool=4  speed=16.6  wheelie=0.36 drift=0.03
[iter   600] ts= 3,673,158  eplen= 6408T  rew=+4.816  start=0.98 completion=1.749 prog=+0.77  win=1  pool=4  speed=18.9  wheelie=0.37 drift=0.04
[iter   601] ts= 3,678,042  eplen= 4884T  rew=+6.913  start=0.98 completion=1.802 prog=+0.82  win=1  pool=4  speed=30.2  wheelie=0.28 drift=0.06
[iter   602] ts= 3,686,004  eplen= 7962T  rew=+4.842  start=0.98 completion=1.810 prog=+0.83  win=1  pool=4  speed=18.9  wheelie=0.27 drift=0.04
[iter   603] ts= 3,694,872  eplen= 8868T  rew=+3.971  start=0.98 completion=1.801 prog=+0.82  win=1  pool=4  speed=16.0  wheelie=0.27 drift=0.03
[iter   604] ts= 3,697,524  eplen= 2652T  rew=+3.826  start=0.98 completion=1.331 prog=+0.35  win=1  pool=4  speed=25.8  wheelie=0.26 drift=0.08
[iter   605] ts= 3,707,310  eplen= 9786T  rew=+4.199  start=0.98 completion=1.802 prog=+0.82  win=1  pool=4  speed=14.9  wheelie=0.37 drift=0.03
[iter   606] ts= 3,714,816  eplen= 7506T  rew=+4.622  start=0.98 completion=1.796 prog=+0.82  win=0  pool=4  speed=17.1  wheelie=0.36 drift=0.04
[iter   607] ts= 3,722,232  eplen= 7416T  rew=+5.858  start=0.98 completion=1.810 prog=+0.83  win=1  pool=4  speed=20.0  wheelie=0.34 drift=0.04
[iter   608] ts= 3,728,736  eplen= 6504T  rew=+5.420  start=0.98 completion=1.800 prog=+0.82  win=1  pool=4  speed=22.3  wheelie=0.27 drift=0.03
[iter   609] ts= 3,734,856  eplen= 6120T  rew=+6.788  start=0.98 completion=1.824 prog=+0.85  win=1  pool=4  speed=25.3  wheelie=0.32 drift=0.05
[iter   610] ts= 3,740,046  eplen= 5190T  rew=+6.561  start=0.98 completion=1.795 prog=+0.82  win=1  pool=4  speed=29.2  wheelie=0.33 drift=0.06
[iter   611] ts= 3,748,356  eplen= 8310T  rew=+4.777  start=0.98 completion=1.801 prog=+0.82  win=0  pool=4  speed=17.6  wheelie=0.31 drift=0.03
[iter   612] ts= 3,757,368  eplen= 9012T  rew=+4.300  start=0.98 completion=1.546 prog=+0.57  win=0  pool=4  speed=11.9  wheelie=0.28 drift=0.05
[iter   613] ts= 3,768,372  eplen=11004T  rew=+3.606  start=0.98 completion=1.803 prog=+0.83  win=1  pool=4  speed=13.8  wheelie=0.36 drift=0.03
[iter   614] ts= 3,776,040  eplen= 7668T  rew=+5.086  start=0.98 completion=1.819 prog=+0.84  win=1  pool=4  speed=18.2  wheelie=0.34 drift=0.04
[iter   615] ts= 3,784,074  eplen= 8034T  rew=+4.936  start=0.98 completion=1.807 prog=+0.83  win=1  pool=4  speed=18.5  wheelie=0.32 drift=0.03
[iter   616] ts= 3,789,660  eplen= 5586T  rew=+6.779  start=0.98 completion=1.805 prog=+0.83  win=1  pool=4  speed=27.5  wheelie=0.28 drift=0.06
[iter   617] ts= 3,793,926  eplen= 4266T  rew=+6.601  start=0.98 completion=1.743 prog=+0.77  win=1  pool=4  speed=32.2  wheelie=0.28 drift=0.06
[iter   618] ts= 3,801,996  eplen= 8070T  rew=+5.437  start=0.98 completion=1.806 prog=+0.83  win=1  pool=4  speed=18.6  wheelie=0.32 drift=0.04
[iter   619] ts= 3,809,226  eplen= 7230T  rew=+4.833  start=0.98 completion=1.751 prog=+0.77  win=1  pool=4  speed=19.5  wheelie=0.29 drift=0.05
[iter   620] ts= 3,816,432  eplen= 7206T  rew=+5.366  start=0.98 completion=1.815 prog=+0.84  win=0  pool=4  speed=20.7  wheelie=0.31 drift=0.04
[iter   621] ts= 3,825,036  eplen= 8604T  rew=+3.818  start=0.98 completion=1.679 prog=+0.70  win=0  pool=4  speed=12.8  wheelie=0.31 drift=0.04
[iter   622] ts= 3,834,270  eplen= 9234T  rew=+4.575  start=0.98 completion=1.800 prog=+0.82  win=1  pool=4  speed=15.5  wheelie=0.30 drift=0.03
[iter   623] ts= 3,840,906  eplen= 6636T  rew=+5.837  start=0.98 completion=1.811 prog=+0.83  win=1  pool=4  speed=22.8  wheelie=0.28 drift=0.05
[iter   624] ts= 3,847,440  eplen= 6534T  rew=+5.720  start=0.98 completion=1.803 prog=+0.83  win=1  pool=4  speed=22.6  wheelie=0.30 drift=0.05
[iter   625] ts= 3,855,288  eplen= 7848T  rew=+4.645  start=0.98 completion=1.807 prog=+0.83  win=1  pool=4  speed=18.2  wheelie=0.30 drift=0.04
[iter   626] ts= 3,860,682  eplen= 5394T  rew=+6.639  start=0.98 completion=1.807 prog=+0.83  win=1  pool=4  speed=27.0  wheelie=0.25 drift=0.05
[iter   627] ts= 3,866,022  eplen= 5340T  rew=+6.684  start=0.98 completion=1.809 prog=+0.83  win=1  pool=4  speed=29.3  wheelie=0.25 drift=0.06
[iter   628] ts= 3,872,310  eplen= 6288T  rew=+6.069  start=0.98 completion=1.806 prog=+0.83  win=1  pool=4  speed=25.8  wheelie=0.26 drift=0.07
[iter   629] ts= 3,877,122  eplen= 4812T  rew=+7.120  start=0.98 completion=1.809 prog=+0.83  win=1  pool=4  speed=31.3  wheelie=0.32 drift=0.05
[iter   630] ts= 3,883,512  eplen= 6390T  rew=+6.225  start=0.98 completion=1.806 prog=+0.83  win=1  pool=4  speed=23.9  wheelie=0.33 drift=0.06
[iter   631] ts= 3,890,994  eplen= 7482T  rew=+6.039  start=0.98 completion=1.793 prog=+0.82  win=1  pool=4  speed=21.4  wheelie=0.31 drift=0.04
[iter   632] ts= 3,896,514  eplen= 5520T  rew=+6.601  start=0.98 completion=1.837 prog=+0.86  win=1  pool=4  speed=28.3  wheelie=0.30 drift=0.05
[iter   633] ts= 3,902,184  eplen= 5670T  rew=+6.221  start=0.98 completion=1.804 prog=+0.83  win=1  pool=4  speed=25.9  wheelie=0.32 drift=0.05
[iter   634] ts= 3,910,128  eplen= 7944T  rew=+5.462  start=0.98 completion=1.750 prog=+0.77  win=1  pool=4  speed=17.9  wheelie=0.29 drift=0.03
[iter   635] ts= 3,916,224  eplen= 6096T  rew=+6.656  start=0.98 completion=1.795 prog=+0.82  win=1  pool=4  speed=26.3  wheelie=0.25 drift=0.07
[iter   636] ts= 3,921,258  eplen= 5034T  rew=+6.694  start=0.98 completion=1.806 prog=+0.83  win=1  pool=4  speed=29.9  wheelie=0.25 drift=0.06
[iter   637] ts= 3,928,128  eplen= 6870T  rew=+5.932  start=0.98 completion=1.796 prog=+0.82  win=1  pool=4  speed=21.0  wheelie=0.27 drift=0.04
[iter   638] ts= 3,933,120  eplen= 4992T  rew=+5.017  start=0.98 completion=1.556 prog=+0.58  win=1  pool=4  speed=21.1  wheelie=0.17 drift=0.09
[iter   639] ts= 3,939,198  eplen= 6078T  rew=+5.792  start=0.98 completion=1.802 prog=+0.82  win=1  pool=4  speed=23.7  wheelie=0.27 drift=0.05
[iter   640] ts= 3,945,120  eplen= 5922T  rew=+5.957  start=0.98 completion=1.805 prog=+0.83  win=1  pool=4  speed=25.7  wheelie=0.22 drift=0.04
[iter   641] ts= 3,951,618  eplen= 6498T  rew=+6.097  start=0.98 completion=1.728 prog=+0.75  win=1  pool=4  speed=19.7  wheelie=0.18 drift=0.04
[iter   642] ts= 3,956,526  eplen= 4908T  rew=+7.068  start=0.98 completion=1.819 prog=+0.84  win=1  pool=4  speed=30.5  wheelie=0.26 drift=0.05
[iter   643] ts= 3,961,404  eplen= 4878T  rew=+6.377  start=0.98 completion=1.802 prog=+0.82  win=1  pool=4  speed=28.9  wheelie=0.20 drift=0.05
[iter   644] ts= 3,968,610  eplen= 7206T  rew=+4.839  start=0.98 completion=1.794 prog=+0.82  win=1  pool=4  speed=19.0  wheelie=0.30 drift=0.04
[iter   645] ts= 3,975,198  eplen= 6588T  rew=+4.925  start=0.98 completion=1.788 prog=+0.81  win=0  pool=4  speed=19.8  wheelie=0.31 drift=0.04
[iter   646] ts= 3,984,576  eplen= 9378T  rew=+4.855  start=0.98 completion=1.549 prog=+0.57  win=0  pool=4  speed=10.9  wheelie=0.17 drift=0.04
[iter   647] ts= 3,992,538  eplen= 7962T  rew=+4.533  start=0.98 completion=1.796 prog=+0.82  win=0  pool=4  speed=17.4  wheelie=0.32 drift=0.04
[iter   648] ts= 3,998,412  eplen= 5874T  rew=+5.826  start=0.98 completion=1.790 prog=+0.81  win=1  pool=4  speed=23.9  wheelie=0.29 drift=0.04
[iter   649] ts= 4,003,866  eplen= 5454T  rew=+6.131  start=0.98 completion=1.788 prog=+0.81  win=1  pool=4  speed=25.6  wheelie=0.32 drift=0.05
[iter   650] ts= 4,008,714  eplen= 4848T  rew=+6.351  start=0.98 completion=1.788 prog=+0.81  win=1  pool=4  speed=28.2  wheelie=0.30 drift=0.05
[iter   651] ts= 4,016,328  eplen= 7614T  rew=+4.570  start=0.98 completion=1.784 prog=+0.81  win=1  pool=4  speed=18.0  wheelie=0.37 drift=0.03
[selfplay] pushed snapshot (pool=5)
[iter   652] ts= 4,022,160  eplen= 5832T  rew=+7.753  start=0.98 completion=1.799 prog=+0.82  win=0  pool=5  speed=25.7  wheelie=0.30 drift=0.05
[iter   653] ts= 4,029,894  eplen= 7734T  rew=+5.096  start=0.98 completion=1.783 prog=+0.81  win=1  pool=5  speed=19.1  wheelie=0.34 drift=0.03
[checkpoint] saved checkpoint_4029894.pt
[iter   654] ts= 4,034,886  eplen= 4992T  rew=+6.346  start=0.98 completion=1.787 prog=+0.81  win=1  pool=5  speed=27.7  wheelie=0.31 drift=0.05
[iter   655] ts= 4,041,678  eplen= 6792T  rew=+6.524  start=0.98 completion=1.798 prog=+0.82  win=0  pool=5  speed=20.8  wheelie=0.29 drift=0.04
[iter   656] ts= 4,047,540  eplen= 5862T  rew=+5.922  start=0.98 completion=1.789 prog=+0.81  win=1  pool=5  speed=24.5  wheelie=0.30 drift=0.04
[iter   657] ts= 4,052,670  eplen= 5130T  rew=+6.613  start=0.98 completion=1.803 prog=+0.83  win=1  pool=5  speed=28.4  wheelie=0.30 drift=0.05
[iter   658] ts= 4,058,706  eplen= 6036T  rew=+6.086  start=0.98 completion=1.803 prog=+0.83  win=1  pool=5  speed=23.7  wheelie=0.30 drift=0.05
[iter   659] ts= 4,063,794  eplen= 5088T  rew=+6.526  start=0.98 completion=1.818 prog=+0.84  win=1  pool=5  speed=29.6  wheelie=0.23 drift=0.05
[iter   660] ts= 4,070,754  eplen= 6960T  rew=+6.103  start=0.98 completion=1.813 prog=+0.84  win=1  pool=5  speed=21.4  wheelie=0.23 drift=0.03
[iter   661] ts= 4,077,180  eplen= 6426T  rew=+6.012  start=0.98 completion=1.797 prog=+0.82  win=1  pool=5  speed=23.4  wheelie=0.29 drift=0.04
[iter   662] ts= 4,082,928  eplen= 5748T  rew=+6.118  start=0.98 completion=1.819 prog=+0.84  win=0  pool=5  speed=27.6  wheelie=0.29 drift=0.04
[iter   663] ts= 4,088,886  eplen= 5958T  rew=+6.558  start=0.98 completion=1.801 prog=+0.82  win=1  pool=5  speed=25.9  wheelie=0.30 drift=0.05
[iter   664] ts= 4,093,746  eplen= 4860T  rew=+6.522  start=0.98 completion=1.783 prog=+0.81  win=1  pool=5  speed=28.7  wheelie=0.31 drift=0.08
[iter   665] ts= 4,101,390  eplen= 7644T  rew=+5.452  start=0.98 completion=1.784 prog=+0.81  win=1  pool=5  speed=19.5  wheelie=0.37 drift=0.03
[iter   666] ts= 4,107,912  eplen= 6522T  rew=+6.040  start=0.98 completion=1.793 prog=+0.82  win=1  pool=5  speed=22.7  wheelie=0.36 drift=0.04
[iter   667] ts= 4,115,988  eplen= 8076T  rew=+4.524  start=0.98 completion=1.797 prog=+0.82  win=1  pool=5  speed=18.2  wheelie=0.35 drift=0.03
[iter   668] ts= 4,120,710  eplen= 4722T  rew=+6.954  start=0.98 completion=1.804 prog=+0.83  win=1  pool=5  speed=32.4  wheelie=0.28 drift=0.05
[iter   669] ts= 4,127,106  eplen= 6396T  rew=+5.648  start=0.98 completion=1.803 prog=+0.83  win=1  pool=5  speed=22.2  wheelie=0.26 drift=0.03
[iter   670] ts= 4,132,398  eplen= 5292T  rew=+6.570  start=0.98 completion=1.805 prog=+0.83  win=1  pool=5  speed=26.9  wheelie=0.24 drift=0.05
[iter   671] ts= 4,137,876  eplen= 5478T  rew=+6.645  start=0.98 completion=1.825 prog=+0.85  win=1  pool=5  speed=28.7  wheelie=0.25 drift=0.04
[iter   672] ts= 4,144,056  eplen= 6180T  rew=+5.799  start=0.98 completion=1.802 prog=+0.82  win=1  pool=5  speed=23.4  wheelie=0.26 drift=0.04
[iter   673] ts= 4,148,760  eplen= 4704T  rew=+7.125  start=0.98 completion=1.801 prog=+0.82  win=1  pool=5  speed=30.5  wheelie=0.19 drift=0.04
[iter   674] ts= 4,152,804  eplen= 4044T  rew=+7.245  start=0.98 completion=1.801 prog=+0.82  win=1  pool=5  speed=35.0  wheelie=0.21 drift=0.07
[iter   675] ts= 4,157,640  eplen= 4836T  rew=+6.662  start=0.98 completion=1.807 prog=+0.83  win=1  pool=5  speed=28.6  wheelie=0.19 drift=0.05
[iter   676] ts= 4,167,216  eplen= 9576T  rew=+5.036  start=0.98 completion=1.806 prog=+0.83  win=1  pool=5  speed=14.3  wheelie=0.26 drift=0.04
[iter   677] ts= 4,174,218  eplen= 7002T  rew=+5.057  start=0.98 completion=1.803 prog=+0.83  win=1  pool=5  speed=19.9  wheelie=0.27 drift=0.03
[iter   678] ts= 4,180,350  eplen= 6132T  rew=+5.756  start=0.98 completion=1.804 prog=+0.83  win=1  pool=5  speed=23.7  wheelie=0.27 drift=0.04
[iter   679] ts= 4,185,660  eplen= 5310T  rew=+7.173  start=0.98 completion=1.819 prog=+0.84  win=1  pool=5  speed=27.8  wheelie=0.26 drift=0.06
[iter   680] ts= 4,191,684  eplen= 6024T  rew=+4.377  start=0.98 completion=1.495 prog=+0.52  win=0  pool=5  speed=15.8  wheelie=0.19 drift=0.06
[iter   681] ts= 4,200,138  eplen= 8454T  rew=+4.712  start=0.98 completion=1.753 prog=+0.78  win=0  pool=5  speed=16.2  wheelie=0.23 drift=0.03
[iter   682] ts= 4,205,172  eplen= 5034T  rew=+7.083  start=0.98 completion=1.813 prog=+0.84  win=1  pool=5  speed=30.7  wheelie=0.22 drift=0.05
[iter   683] ts= 4,216,098  eplen=10926T  rew=+3.784  start=0.98 completion=1.800 prog=+0.82  win=1  pool=5  speed=12.8  wheelie=0.24 drift=0.02
[iter   684] ts= 4,223,136  eplen= 7038T  rew=+5.182  start=0.98 completion=1.788 prog=+0.81  win=1  pool=5  speed=19.2  wheelie=0.23 drift=0.03
[iter   685] ts= 4,227,876  eplen= 4740T  rew=+6.542  start=0.98 completion=1.791 prog=+0.81  win=1  pool=5  speed=29.8  wheelie=0.24 drift=0.05
[iter   686] ts= 4,237,608  eplen= 9732T  rew=+4.811  start=0.98 completion=1.798 prog=+0.82  win=1  pool=5  speed=15.9  wheelie=0.23 drift=0.03
[iter   687] ts= 4,249,806  eplen=12198T  rew=+1.957  start=0.98 completion=1.798 prog=+0.82  win=1  pool=5  speed=11.7  wheelie=0.28 drift=0.03
[iter   688] ts= 4,259,256  eplen= 9450T  rew=+4.778  start=0.98 completion=1.782 prog=+0.80  win=1  pool=5  speed=16.4  wheelie=0.25 drift=0.05
[iter   689] ts= 4,263,708  eplen= 4452T  rew=+6.913  start=0.98 completion=1.797 prog=+0.82  win=1  pool=5  speed=32.2  wheelie=0.19 drift=0.06
[iter   690] ts= 4,268,826  eplen= 5118T  rew=+6.516  start=0.98 completion=1.801 prog=+0.82  win=1  pool=5  speed=28.1  wheelie=0.21 drift=0.05
[iter   691] ts= 4,277,304  eplen= 8478T  rew=+4.397  start=0.98 completion=1.801 prog=+0.82  win=1  pool=5  speed=16.6  wheelie=0.21 drift=0.04
[iter   692] ts= 4,283,766  eplen= 6462T  rew=+5.435  start=0.98 completion=1.803 prog=+0.83  win=1  pool=5  speed=21.7  wheelie=0.19 drift=0.04
[iter   693] ts= 4,288,020  eplen= 4254T  rew=+7.126  start=0.98 completion=1.810 prog=+0.83  win=1  pool=5  speed=34.0  wheelie=0.15 drift=0.07
[iter   694] ts= 4,293,486  eplen= 5466T  rew=+6.244  start=0.98 completion=1.799 prog=+0.82  win=1  pool=5  speed=25.5  wheelie=0.18 drift=0.04
[iter   695] ts= 4,298,826  eplen= 5340T  rew=+6.423  start=0.98 completion=1.811 prog=+0.83  win=1  pool=5  speed=27.1  wheelie=0.24 drift=0.06
[iter   696] ts= 4,309,386  eplen=10560T  rew=+4.344  start=0.98 completion=1.801 prog=+0.82  win=1  pool=5  speed=12.8  wheelie=0.24 drift=0.03
[iter   697] ts= 4,313,022  eplen= 3636T  rew=+4.404  start=0.98 completion=1.489 prog=+0.51  win=1  pool=5  speed=23.8  wheelie=0.30 drift=0.08
[iter   698] ts= 4,323,486  eplen=10464T  rew=+5.109  start=0.98 completion=1.797 prog=+0.82  win=1  pool=5  speed=13.2  wheelie=0.28 drift=0.02
[iter   699] ts= 4,331,490  eplen= 8004T  rew=+4.672  start=0.98 completion=1.794 prog=+0.82  win=1  pool=5  speed=17.6  wheelie=0.23 drift=0.04
[iter   700] ts= 4,336,854  eplen= 5364T  rew=+6.931  start=0.98 completion=1.804 prog=+0.83  win=1  pool=5  speed=28.8  wheelie=0.21 drift=0.05
[iter   701] ts= 4,342,158  eplen= 5304T  rew=+6.641  start=0.98 completion=1.810 prog=+0.83  win=1  pool=5  speed=28.8  wheelie=0.19 drift=0.05
[iter   702] ts= 4,348,092  eplen= 5934T  rew=+6.959  start=0.98 completion=1.805 prog=+0.83  win=1  pool=5  speed=25.2  wheelie=0.20 drift=0.05
[iter   703] ts= 4,354,608  eplen= 6516T  rew=+5.702  start=0.98 completion=1.804 prog=+0.83  win=1  pool=5  speed=20.7  wheelie=0.25 drift=0.04
[iter   704] ts= 4,360,470  eplen= 5862T  rew=+5.883  start=0.98 completion=1.800 prog=+0.82  win=1  pool=5  speed=24.1  wheelie=0.19 drift=0.04
[iter   705] ts= 4,367,166  eplen= 6696T  rew=+5.695  start=0.98 completion=1.814 prog=+0.84  win=1  pool=5  speed=22.2  wheelie=0.18 drift=0.05
[iter   706] ts= 4,372,026  eplen= 4860T  rew=+6.562  start=0.98 completion=1.654 prog=+0.68  win=0  pool=5  speed=25.5  wheelie=0.20 drift=0.07
[iter   707] ts= 4,376,688  eplen= 4662T  rew=+6.952  start=0.98 completion=1.766 prog=+0.79  win=0  pool=5  speed=29.7  wheelie=0.17 drift=0.07
[iter   708] ts= 4,381,368  eplen= 4680T  rew=+6.449  start=0.98 completion=1.797 prog=+0.82  win=1  pool=5  speed=30.2  wheelie=0.17 drift=0.08
[iter   709] ts= 4,386,774  eplen= 5406T  rew=+6.703  start=0.98 completion=1.802 prog=+0.82  win=1  pool=5  speed=26.1  wheelie=0.16 drift=0.03
[iter   710] ts= 4,394,724  eplen= 7950T  rew=+6.916  start=0.98 completion=1.796 prog=+0.82  win=1  pool=5  speed=17.7  wheelie=0.19 drift=0.11
[iter   711] ts= 4,400,112  eplen= 5388T  rew=+6.025  start=0.98 completion=1.804 prog=+0.83  win=1  pool=5  speed=25.7  wheelie=0.17 drift=0.05
[iter   712] ts= 4,405,254  eplen= 5142T  rew=+7.048  start=0.98 completion=1.792 prog=+0.81  win=1  pool=5  speed=28.0  wheelie=0.16 drift=0.06
[iter   713] ts= 4,409,988  eplen= 4734T  rew=+6.922  start=0.98 completion=1.803 prog=+0.83  win=1  pool=5  speed=32.0  wheelie=0.17 drift=0.07
[iter   714] ts= 4,417,878  eplen= 7890T  rew=+4.647  start=0.98 completion=1.795 prog=+0.82  win=1  pool=5  speed=18.2  wheelie=0.21 drift=0.04
[iter   715] ts= 4,424,766  eplen= 6888T  rew=+5.431  start=0.98 completion=1.792 prog=+0.81  win=1  pool=5  speed=21.3  wheelie=0.18 drift=0.05
[iter   716] ts= 4,430,388  eplen= 5622T  rew=+5.868  start=0.98 completion=1.795 prog=+0.82  win=1  pool=5  speed=23.9  wheelie=0.18 drift=0.04
[checkpoint] saved checkpoint_4430388.pt
[iter   717] ts= 4,435,452  eplen= 5064T  rew=+6.396  start=0.98 completion=1.802 prog=+0.82  win=1  pool=5  speed=27.7  wheelie=0.13 drift=0.04
[iter   718] ts= 4,440,360  eplen= 4908T  rew=+6.589  start=0.98 completion=1.801 prog=+0.82  win=1  pool=5  speed=29.4  wheelie=0.15 drift=0.06
[iter   719] ts= 4,446,144  eplen= 5784T  rew=+6.115  start=0.98 completion=1.792 prog=+0.81  win=1  pool=5  speed=24.7  wheelie=0.15 drift=0.05
[iter   720] ts= 4,451,418  eplen= 5274T  rew=+6.371  start=0.98 completion=1.790 prog=+0.81  win=1  pool=5  speed=27.3  wheelie=0.18 drift=0.05
[iter   721] ts= 4,459,644  eplen= 8226T  rew=+4.739  start=0.98 completion=1.787 prog=+0.81  win=1  pool=5  speed=18.3  wheelie=0.19 drift=0.04
[iter   722] ts= 4,464,354  eplen= 4710T  rew=+6.741  start=0.98 completion=1.797 prog=+0.82  win=1  pool=5  speed=31.1  wheelie=0.13 drift=0.05
[iter   723] ts= 4,470,102  eplen= 5748T  rew=+7.039  start=0.98 completion=1.802 prog=+0.82  win=1  pool=5  speed=26.0  wheelie=0.13 drift=0.05
[iter   724] ts= 4,478,772  eplen= 8670T  rew=+4.116  start=0.98 completion=1.787 prog=+0.81  win=1  pool=5  speed=16.6  wheelie=0.17 drift=0.03
[iter   725] ts= 4,482,816  eplen= 4044T  rew=+6.910  start=0.98 completion=1.794 prog=+0.82  win=1  pool=5  speed=33.4  wheelie=0.11 drift=0.07
[iter   726] ts= 4,494,078  eplen=11262T  rew=+4.086  start=0.98 completion=1.785 prog=+0.81  win=0  pool=5  speed=11.1  wheelie=0.12 drift=0.02
[iter   727] ts= 4,500,540  eplen= 6462T  rew=+6.380  start=0.98 completion=1.803 prog=+0.83  win=1  pool=5  speed=24.3  wheelie=0.10 drift=0.06
[iter   728] ts= 4,504,878  eplen= 4338T  rew=+7.320  start=0.98 completion=1.813 prog=+0.84  win=1  pool=5  speed=35.4  wheelie=0.07 drift=0.07
[iter   729] ts= 4,509,624  eplen= 4746T  rew=+6.966  start=0.98 completion=1.816 prog=+0.84  win=1  pool=5  speed=31.6  wheelie=0.10 drift=0.06
[iter   730] ts= 4,515,162  eplen= 5538T  rew=+5.985  start=0.98 completion=1.797 prog=+0.82  win=1  pool=5  speed=24.7  wheelie=0.10 drift=0.04
[iter   731] ts= 4,521,108  eplen= 5946T  rew=+6.398  start=0.98 completion=1.794 prog=+0.82  win=1  pool=5  speed=26.2  wheelie=0.09 drift=0.05
[iter   732] ts= 4,526,082  eplen= 4974T  rew=+6.369  start=0.98 completion=1.788 prog=+0.81  win=1  pool=5  speed=28.0  wheelie=0.11 drift=0.05
[iter   733] ts= 4,531,806  eplen= 5724T  rew=+5.742  start=0.98 completion=1.792 prog=+0.81  win=1  pool=5  speed=23.5  wheelie=0.16 drift=0.04
[iter   734] ts= 4,538,394  eplen= 6588T  rew=+5.683  start=0.98 completion=1.789 prog=+0.81  win=1  pool=5  speed=22.0  wheelie=0.14 drift=0.04
[iter   735] ts= 4,542,804  eplen= 4410T  rew=+6.917  start=0.98 completion=1.800 prog=+0.82  win=1  pool=5  speed=32.8  wheelie=0.15 drift=0.06
[iter   736] ts= 4,547,544  eplen= 4740T  rew=+6.583  start=0.98 completion=1.788 prog=+0.81  win=1  pool=5  speed=29.4  wheelie=0.14 drift=0.05
[iter   737] ts= 4,552,860  eplen= 5316T  rew=+7.147  start=0.98 completion=1.800 prog=+0.82  win=1  pool=5  speed=31.0  wheelie=0.09 drift=0.05
[iter   738] ts= 4,560,888  eplen= 8028T  rew=+4.528  start=0.98 completion=1.800 prog=+0.82  win=1  pool=5  speed=18.0  wheelie=0.17 drift=0.04
[iter   739] ts= 4,566,450  eplen= 5562T  rew=+6.546  start=0.98 completion=1.800 prog=+0.82  win=1  pool=5  speed=26.3  wheelie=0.14 drift=0.05
[iter   740] ts= 4,572,450  eplen= 6000T  rew=+4.823  start=0.98 completion=1.574 prog=+0.60  win=0  pool=5  speed=16.3  wheelie=0.11 drift=0.15
[iter   741] ts= 4,581,480  eplen= 9030T  rew=+4.039  start=0.98 completion=1.798 prog=+0.82  win=1  pool=5  speed=16.0  wheelie=0.19 drift=0.04
[iter   742] ts= 4,587,258  eplen= 5778T  rew=+6.279  start=0.98 completion=1.795 prog=+0.82  win=1  pool=5  speed=25.9  wheelie=0.20 drift=0.06
[iter   743] ts= 4,593,342  eplen= 6084T  rew=+6.292  start=0.98 completion=1.797 prog=+0.82  win=1  pool=5  speed=24.5  wheelie=0.21 drift=0.07
[iter   744] ts= 4,604,862  eplen=11520T  rew=+3.065  start=0.98 completion=1.808 prog=+0.83  win=0  pool=5  speed=11.0  wheelie=0.18 drift=0.02
[iter   745] ts= 4,610,418  eplen= 5556T  rew=+6.311  start=0.98 completion=1.808 prog=+0.83  win=1  pool=5  speed=27.5  wheelie=0.24 drift=0.06
[iter   746] ts= 4,616,592  eplen= 6174T  rew=+6.066  start=0.98 completion=1.799 prog=+0.82  win=1  pool=5  speed=23.2  wheelie=0.23 drift=0.05
[iter   747] ts= 4,622,844  eplen= 6252T  rew=+5.910  start=0.98 completion=1.812 prog=+0.83  win=0  pool=5  speed=23.3  wheelie=0.22 drift=0.04
[iter   748] ts= 4,627,200  eplen= 4356T  rew=+6.753  start=0.98 completion=1.787 prog=+0.81  win=1  pool=5  speed=32.1  wheelie=0.26 drift=0.06
[iter   749] ts= 4,635,102  eplen= 7902T  rew=+5.885  start=0.98 completion=1.805 prog=+0.83  win=1  pool=5  speed=19.5  wheelie=0.21 drift=0.06
[iter   750] ts= 4,642,278  eplen= 7176T  rew=+4.965  start=0.98 completion=1.768 prog=+0.79  win=1  pool=5  speed=19.7  wheelie=0.31 drift=0.05
[iter   751] ts= 4,647,402  eplen= 5124T  rew=+5.551  start=0.98 completion=1.548 prog=+0.57  win=0  pool=5  speed=20.3  wheelie=0.14 drift=0.16
[iter   752] ts= 4,654,680  eplen= 7278T  rew=+4.915  start=0.98 completion=1.804 prog=+0.83  win=1  pool=5  speed=19.7  wheelie=0.25 drift=0.04
[iter   753] ts= 4,661,154  eplen= 6474T  rew=+6.492  start=0.98 completion=1.798 prog=+0.82  win=1  pool=5  speed=23.3  wheelie=0.21 drift=0.05
[iter   754] ts= 4,667,886  eplen= 6732T  rew=+5.801  start=0.98 completion=1.551 prog=+0.57  win=0  pool=5  speed=18.8  wheelie=0.11 drift=0.27
[iter   755] ts= 4,675,776  eplen= 7890T  rew=+4.472  start=0.98 completion=1.795 prog=+0.82  win=1  pool=5  speed=18.0  wheelie=0.31 drift=0.05
[iter   756] ts= 4,683,264  eplen= 7488T  rew=+5.298  start=0.98 completion=1.797 prog=+0.82  win=1  pool=5  speed=20.2  wheelie=0.31 drift=0.06
[iter   757] ts= 4,696,368  eplen=13104T  rew=+1.638  start=0.98 completion=1.786 prog=+0.81  win=1  pool=5  speed=11.3  wheelie=0.38 drift=0.02
[iter   758] ts= 4,704,726  eplen= 8358T  rew=+4.469  start=0.98 completion=1.787 prog=+0.81  win=1  pool=5  speed=17.7  wheelie=0.33 drift=0.04
[iter   759] ts= 4,710,456  eplen= 5730T  rew=+5.808  start=0.98 completion=1.780 prog=+0.80  win=1  pool=5  speed=24.5  wheelie=0.28 drift=0.06
[iter   760] ts= 4,717,422  eplen= 6966T  rew=+6.714  start=0.98 completion=1.763 prog=+0.79  win=1  pool=5  speed=20.8  wheelie=0.22 drift=0.05
[iter   761] ts= 4,721,736  eplen= 4314T  rew=+5.413  start=0.98 completion=1.590 prog=+0.61  win=0  pool=5  speed=23.9  wheelie=0.15 drift=0.07
[iter   762] ts= 4,727,994  eplen= 6258T  rew=+5.684  start=0.98 completion=1.789 prog=+0.81  win=1  pool=5  speed=23.4  wheelie=0.24 drift=0.04
[iter   763] ts= 4,734,384  eplen= 6390T  rew=+6.302  start=0.98 completion=1.806 prog=+0.83  win=1  pool=5  speed=24.2  wheelie=0.27 drift=0.04
[iter   764] ts= 4,739,682  eplen= 5298T  rew=+6.596  start=0.98 completion=1.786 prog=+0.81  win=1  pool=5  speed=28.6  wheelie=0.26 drift=0.07
[iter   765] ts= 4,749,174  eplen= 9492T  rew=+4.491  start=0.98 completion=1.812 prog=+0.83  win=0  pool=5  speed=16.5  wheelie=0.33 drift=0.04
[iter   766] ts= 4,752,942  eplen= 3768T  rew=+7.456  start=0.98 completion=1.807 prog=+0.83  win=1  pool=5  speed=39.5  wheelie=0.23 drift=0.08
[iter   767] ts= 4,757,334  eplen= 4392T  rew=+6.935  start=0.98 completion=1.796 prog=+0.82  win=1  pool=5  speed=32.8  wheelie=0.24 drift=0.06
[iter   768] ts= 4,762,800  eplen= 5466T  rew=+6.530  start=0.98 completion=1.812 prog=+0.83  win=1  pool=5  speed=28.5  wheelie=0.22 drift=0.07
[iter   769] ts= 4,767,468  eplen= 4668T  rew=+6.498  start=0.98 completion=1.797 prog=+0.82  win=1  pool=5  speed=30.0  wheelie=0.18 drift=0.05
[iter   770] ts= 4,773,918  eplen= 6450T  rew=+5.569  start=0.98 completion=1.676 prog=+0.70  win=0  pool=5  speed=18.5  wheelie=0.21 drift=0.05
[iter   771] ts= 4,779,144  eplen= 5226T  rew=+6.703  start=0.98 completion=1.812 prog=+0.83  win=1  pool=5  speed=29.3  wheelie=0.24 drift=0.07
[iter   772] ts= 4,785,636  eplen= 6492T  rew=+5.527  start=0.98 completion=1.801 prog=+0.82  win=1  pool=5  speed=21.6  wheelie=0.27 drift=0.05
[iter   773] ts= 4,791,150  eplen= 5514T  rew=+5.929  start=0.98 completion=1.677 prog=+0.70  win=0  pool=5  speed=23.1  wheelie=0.20 drift=0.06
[iter   774] ts= 4,797,156  eplen= 6006T  rew=+5.541  start=0.98 completion=1.802 prog=+0.82  win=1  pool=5  speed=22.2  wheelie=0.22 drift=0.06
[iter   775] ts= 4,801,524  eplen= 4368T  rew=+6.308  start=0.98 completion=1.797 prog=+0.82  win=1  pool=5  speed=28.9  wheelie=0.21 drift=0.06
[iter   776] ts= 4,807,476  eplen= 5952T  rew=+6.272  start=0.98 completion=1.805 prog=+0.83  win=1  pool=5  speed=24.0  wheelie=0.26 drift=0.06
[iter   777] ts= 4,813,452  eplen= 5976T  rew=+5.661  start=0.98 completion=1.796 prog=+0.82  win=1  pool=5  speed=23.0  wheelie=0.28 drift=0.06
[iter   778] ts= 4,819,554  eplen= 6102T  rew=+4.593  start=0.98 completion=1.689 prog=+0.71  win=1  pool=5  speed=19.4  wheelie=0.30 drift=0.05
[iter   779] ts= 4,825,038  eplen= 5484T  rew=+6.315  start=0.98 completion=1.809 prog=+0.83  win=1  pool=5  speed=26.4  wheelie=0.23 drift=0.06
[iter   780] ts= 4,831,140  eplen= 6102T  rew=+7.532  start=0.98 completion=1.805 prog=+0.83  win=1  pool=5  speed=24.1  wheelie=0.19 drift=0.05
[checkpoint] saved checkpoint_4831140.pt
[iter   781] ts= 4,837,962  eplen= 6822T  rew=+5.230  start=0.98 completion=1.805 prog=+0.83  win=1  pool=5  speed=21.1  wheelie=0.26 drift=0.05
[iter   782] ts= 4,846,176  eplen= 8214T  rew=+4.481  start=0.98 completion=1.796 prog=+0.82  win=1  pool=5  speed=16.8  wheelie=0.28 drift=0.04
[iter   783] ts= 4,852,332  eplen= 6156T  rew=+5.883  start=0.98 completion=1.787 prog=+0.81  win=1  pool=5  speed=23.5  wheelie=0.26 drift=0.06
[iter   784] ts= 4,856,484  eplen= 4152T  rew=+7.756  start=0.98 completion=1.800 prog=+0.82  win=1  pool=5  speed=33.7  wheelie=0.20 drift=0.07
[iter   785] ts= 4,860,984  eplen= 4500T  rew=+6.682  start=0.98 completion=1.808 prog=+0.83  win=1  pool=5  speed=31.5  wheelie=0.20 drift=0.06
[iter   786] ts= 4,868,220  eplen= 7236T  rew=+5.689  start=0.98 completion=1.810 prog=+0.83  win=1  pool=5  speed=19.9  wheelie=0.22 drift=0.05
[iter   787] ts= 4,877,472  eplen= 9252T  rew=+3.681  start=0.98 completion=1.795 prog=+0.82  win=1  pool=5  speed=14.9  wheelie=0.25 drift=0.04
[iter   788] ts= 4,882,902  eplen= 5430T  rew=+6.821  start=0.98 completion=1.809 prog=+0.83  win=1  pool=5  speed=27.4  wheelie=0.21 drift=0.04
[iter   789] ts= 4,887,960  eplen= 5058T  rew=+5.981  start=0.98 completion=1.798 prog=+0.82  win=1  pool=5  speed=25.7  wheelie=0.22 drift=0.06
[iter   790] ts= 4,892,544  eplen= 4584T  rew=+6.697  start=0.98 completion=1.802 prog=+0.82  win=1  pool=5  speed=30.4  wheelie=0.21 drift=0.07
[iter   791] ts= 4,897,656  eplen= 5112T  rew=+6.243  start=0.98 completion=1.791 prog=+0.81  win=1  pool=5  speed=26.7  wheelie=0.25 drift=0.05
[iter   792] ts= 4,902,276  eplen= 4620T  rew=+5.721  start=0.98 completion=1.684 prog=+0.71  win=1  pool=5  speed=27.0  wheelie=0.20 drift=0.07
[iter   793] ts= 4,911,612  eplen= 9336T  rew=+3.773  start=0.98 completion=1.799 prog=+0.82  win=1  pool=5  speed=15.4  wheelie=0.26 drift=0.03
[iter   794] ts= 4,916,412  eplen= 4800T  rew=+6.455  start=0.98 completion=1.795 prog=+0.82  win=1  pool=5  speed=29.5  wheelie=0.23 drift=0.06
[iter   795] ts= 4,923,612  eplen= 7200T  rew=+4.905  start=0.98 completion=1.797 prog=+0.82  win=1  pool=5  speed=18.5  wheelie=0.25 drift=0.03
[iter   796] ts= 4,932,066  eplen= 8454T  rew=+5.885  start=0.98 completion=1.788 prog=+0.81  win=0  pool=5  speed=15.7  wheelie=0.22 drift=0.04
[iter   797] ts= 4,937,514  eplen= 5448T  rew=+5.954  start=0.98 completion=1.800 prog=+0.82  win=1  pool=5  speed=25.0  wheelie=0.24 drift=0.05
[iter   798] ts= 4,946,724  eplen= 9210T  rew=+4.946  start=0.98 completion=1.803 prog=+0.83  win=0  pool=5  speed=14.3  wheelie=0.27 drift=0.03
[iter   799] ts= 4,952,448  eplen= 5724T  rew=+7.263  start=0.98 completion=1.802 prog=+0.83  win=1  pool=5  speed=23.4  wheelie=0.22 drift=0.05
[iter   800] ts= 4,959,804  eplen= 7356T  rew=+4.910  start=0.98 completion=1.800 prog=+0.82  win=1  pool=5  speed=19.1  wheelie=0.26 drift=0.04
[iter   801] ts= 4,965,744  eplen= 5940T  rew=+5.805  start=0.98 completion=1.797 prog=+0.82  win=1  pool=5  speed=23.7  wheelie=0.30 drift=0.04
[iter   802] ts= 4,971,444  eplen= 5700T  rew=+6.022  start=0.98 completion=1.798 prog=+0.82  win=1  pool=5  speed=24.6  wheelie=0.32 drift=0.05
[iter   803] ts= 4,977,336  eplen= 5892T  rew=+6.386  start=0.98 completion=1.786 prog=+0.81  win=1  pool=5  speed=24.1  wheelie=0.32 drift=0.05
[iter   804] ts= 4,983,570  eplen= 6234T  rew=+4.590  start=0.98 completion=1.680 prog=+0.70  win=1  pool=5  speed=20.5  wheelie=0.41 drift=0.06
[iter   805] ts= 4,988,466  eplen= 4896T  rew=+6.443  start=0.98 completion=1.796 prog=+0.82  win=1  pool=5  speed=28.5  wheelie=0.30 drift=0.05
[iter   806] ts= 4,993,608  eplen= 5142T  rew=+6.531  start=0.98 completion=1.798 prog=+0.82  win=1  pool=5  speed=29.4  wheelie=0.26 drift=0.07
[iter   807] ts= 4,999,080  eplen= 5472T  rew=+6.100  start=0.98 completion=1.800 prog=+0.82  win=1  pool=5  speed=23.5  wheelie=0.25 drift=0.04
[iter   808] ts= 5,008,542  eplen= 9462T  rew=+3.202  start=0.98 completion=1.797 prog=+0.82  win=1  pool=5  speed=14.0  wheelie=0.36 drift=0.02
[iter   809] ts= 5,014,194  eplen= 5652T  rew=+5.794  start=0.98 completion=1.596 prog=+0.62  win=0  pool=5  speed=19.0  wheelie=0.26 drift=0.08
[iter   810] ts= 5,018,760  eplen= 4566T  rew=+6.723  start=0.98 completion=1.819 prog=+0.84  win=1  pool=5  speed=31.5  wheelie=0.25 drift=0.05
[selfplay] pushed snapshot (pool=6)
[iter   811] ts= 5,024,064  eplen= 5304T  rew=+6.176  start=0.98 completion=1.811 prog=+0.83  win=1  pool=6  speed=25.9  wheelie=0.27 drift=0.05
[iter   812] ts= 5,028,198  eplen= 4134T  rew=+7.024  start=0.98 completion=1.823 prog=+0.85  win=1  pool=6  speed=33.2  wheelie=0.20 drift=0.07
[iter   813] ts= 5,038,560  eplen=10362T  rew=+3.193  start=0.98 completion=1.814 prog=+0.84  win=1  pool=6  speed=13.8  wheelie=0.23 drift=0.03
[iter   814] ts= 5,046,174  eplen= 7614T  rew=+5.005  start=0.98 completion=1.753 prog=+0.78  win=1  pool=6  speed=17.7  wheelie=0.18 drift=0.04
[iter   815] ts= 5,053,842  eplen= 7668T  rew=+4.714  start=0.98 completion=1.813 prog=+0.84  win=1  pool=6  speed=17.6  wheelie=0.18 drift=0.03
[iter   816] ts= 5,060,508  eplen= 6666T  rew=+5.581  start=0.98 completion=1.804 prog=+0.83  win=1  pool=6  speed=21.6  wheelie=0.17 drift=0.05
[iter   817] ts= 5,064,792  eplen= 4284T  rew=+7.066  start=0.98 completion=1.823 prog=+0.85  win=1  pool=6  speed=34.6  wheelie=0.15 drift=0.07
[iter   818] ts= 5,069,514  eplen= 4722T  rew=+6.618  start=0.98 completion=1.798 prog=+0.82  win=1  pool=6  speed=29.9  wheelie=0.16 drift=0.05
[iter   819] ts= 5,074,614  eplen= 5100T  rew=+6.307  start=0.98 completion=1.808 prog=+0.83  win=1  pool=6  speed=26.7  wheelie=0.17 drift=0.05
[iter   820] ts= 5,080,488  eplen= 5874T  rew=+6.159  start=0.98 completion=1.833 prog=+0.86  win=1  pool=6  speed=25.0  wheelie=0.16 drift=0.04
[iter   821] ts= 5,085,450  eplen= 4962T  rew=+6.503  start=0.98 completion=1.814 prog=+0.84  win=1  pool=6  speed=26.7  wheelie=0.17 drift=0.06
[iter   822] ts= 5,092,104  eplen= 6654T  rew=+5.559  start=0.98 completion=1.828 prog=+0.85  win=1  pool=6  speed=21.9  wheelie=0.20 drift=0.04
[iter   823] ts= 5,097,192  eplen= 5088T  rew=+6.549  start=0.98 completion=1.807 prog=+0.83  win=1  pool=6  speed=28.7  wheelie=0.18 drift=0.07
[iter   824] ts= 5,101,944  eplen= 4752T  rew=+6.659  start=0.98 completion=1.816 prog=+0.84  win=1  pool=6  speed=30.0  wheelie=0.21 drift=0.06
[iter   825] ts= 5,107,260  eplen= 5316T  rew=+6.442  start=0.98 completion=1.798 prog=+0.82  win=1  pool=6  speed=26.4  wheelie=0.23 drift=0.05
[iter   826] ts= 5,112,612  eplen= 5352T  rew=+7.324  start=0.98 completion=1.803 prog=+0.83  win=1  pool=6  speed=28.0  wheelie=0.23 drift=0.06
[iter   827] ts= 5,117,760  eplen= 5148T  rew=+6.512  start=0.98 completion=1.802 prog=+0.82  win=1  pool=6  speed=28.7  wheelie=0.26 drift=0.04
[iter   828] ts= 5,122,062  eplen= 4302T  rew=+7.020  start=0.98 completion=1.797 prog=+0.82  win=1  pool=6  speed=32.5  wheelie=0.21 drift=0.08
[iter   829] ts= 5,126,742  eplen= 4680T  rew=+6.723  start=0.98 completion=1.745 prog=+0.77  win=0  pool=6  speed=27.8  wheelie=0.16 drift=0.05
[iter   830] ts= 5,131,950  eplen= 5208T  rew=+6.894  start=0.98 completion=1.838 prog=+0.86  win=1  pool=6  speed=28.7  wheelie=0.21 drift=0.05
[iter   831] ts= 5,136,384  eplen= 4434T  rew=+6.403  start=0.98 completion=1.750 prog=+0.77  win=1  pool=6  speed=30.4  wheelie=0.21 drift=0.04
[iter   832] ts= 5,142,342  eplen= 5958T  rew=+6.248  start=0.98 completion=1.832 prog=+0.85  win=1  pool=6  speed=26.8  wheelie=0.23 drift=0.04
[iter   833] ts= 5,147,070  eplen= 4728T  rew=+6.971  start=0.98 completion=1.830 prog=+0.85  win=1  pool=6  speed=32.8  wheelie=0.25 drift=0.06
[iter   834] ts= 5,152,254  eplen= 5184T  rew=+7.582  start=0.98 completion=1.812 prog=+0.83  win=1  pool=6  speed=30.3  wheelie=0.23 drift=0.08
[iter   835] ts= 5,157,954  eplen= 5700T  rew=+6.112  start=0.98 completion=1.829 prog=+0.85  win=1  pool=6  speed=26.6  wheelie=0.22 drift=0.04
[iter   836] ts= 5,163,000  eplen= 5046T  rew=+6.982  start=0.98 completion=1.795 prog=+0.82  win=0  pool=6  speed=28.0  wheelie=0.22 drift=0.06
[iter   837] ts= 5,168,778  eplen= 5778T  rew=+6.000  start=0.98 completion=1.833 prog=+0.86  win=1  pool=6  speed=26.0  wheelie=0.24 drift=0.04
[iter   838] ts= 5,174,922  eplen= 6144T  rew=+5.573  start=0.98 completion=1.787 prog=+0.81  win=1  pool=6  speed=22.8  wheelie=0.30 drift=0.03
[iter   839] ts= 5,181,306  eplen= 6384T  rew=+5.803  start=0.98 completion=1.816 prog=+0.84  win=1  pool=6  speed=24.6  wheelie=0.25 drift=0.04
[iter   840] ts= 5,187,042  eplen= 5736T  rew=+6.401  start=0.98 completion=1.804 prog=+0.83  win=1  pool=6  speed=27.4  wheelie=0.21 drift=0.06
[iter   841] ts= 5,192,430  eplen= 5388T  rew=+6.989  start=0.98 completion=1.858 prog=+0.88  win=1  pool=6  speed=30.9  wheelie=0.19 drift=0.06
[iter   842] ts= 5,197,740  eplen= 5310T  rew=+6.650  start=0.98 completion=1.824 prog=+0.85  win=1  pool=6  speed=29.9  wheelie=0.19 drift=0.05
[iter   843] ts= 5,205,138  eplen= 7398T  rew=+5.888  start=0.98 completion=1.828 prog=+0.85  win=0  pool=6  speed=17.9  wheelie=0.20 drift=0.02
[iter   844] ts= 5,209,644  eplen= 4506T  rew=+4.985  start=0.98 completion=1.579 prog=+0.60  win=0  pool=6  speed=22.4  wheelie=0.16 drift=0.10
[iter   845] ts= 5,214,174  eplen= 4530T  rew=+6.126  start=0.98 completion=1.667 prog=+0.69  win=1  pool=6  speed=30.2  wheelie=0.16 drift=0.09
[iter   846] ts= 5,218,884  eplen= 4710T  rew=+8.393  start=0.98 completion=1.811 prog=+0.83  win=0  pool=6  speed=33.5  wheelie=0.16 drift=0.07
[iter   847] ts= 5,223,558  eplen= 4674T  rew=+7.040  start=0.98 completion=1.832 prog=+0.85  win=1  pool=6  speed=32.6  wheelie=0.22 drift=0.06
[iter   848] ts= 5,229,276  eplen= 5718T  rew=+6.009  start=0.98 completion=1.803 prog=+0.83  win=1  pool=6  speed=24.0  wheelie=0.28 drift=0.04
[iter   849] ts= 5,234,394  eplen= 5118T  rew=+5.942  start=0.98 completion=1.795 prog=+0.82  win=1  pool=6  speed=25.4  wheelie=0.26 drift=0.04
[checkpoint] saved checkpoint_5234394.pt
[iter   850] ts= 5,239,596  eplen= 5202T  rew=+7.402  start=0.98 completion=1.802 prog=+0.82  win=0  pool=6  speed=28.9  wheelie=0.26 drift=0.07
[iter   851] ts= 5,244,930  eplen= 5334T  rew=+6.163  start=0.98 completion=1.825 prog=+0.85  win=1  pool=6  speed=28.3  wheelie=0.24 drift=0.04
[iter   852] ts= 5,249,820  eplen= 4890T  rew=+7.419  start=0.98 completion=1.797 prog=+0.82  win=0  pool=6  speed=29.6  wheelie=0.22 drift=0.05
[iter   853] ts= 5,256,516  eplen= 6696T  rew=+5.045  start=0.98 completion=1.798 prog=+0.82  win=0  pool=6  speed=20.7  wheelie=0.27 drift=0.04
[iter   854] ts= 5,260,494  eplen= 3978T  rew=+5.750  start=0.98 completion=1.599 prog=+0.62  win=0  pool=6  speed=26.5  wheelie=0.18 drift=0.08
[iter   855] ts= 5,265,516  eplen= 5022T  rew=+6.283  start=0.98 completion=1.803 prog=+0.83  win=1  pool=6  speed=26.2  wheelie=0.23 drift=0.05
[iter   856] ts= 5,270,244  eplen= 4728T  rew=+6.759  start=0.98 completion=1.813 prog=+0.84  win=1  pool=6  speed=32.2  wheelie=0.22 drift=0.05
[iter   857] ts= 5,278,500  eplen= 8256T  rew=+4.431  start=0.98 completion=1.802 prog=+0.82  win=1  pool=6  speed=16.9  wheelie=0.27 drift=0.03
[iter   858] ts= 5,284,602  eplen= 6102T  rew=+6.398  start=0.98 completion=1.823 prog=+0.85  win=1  pool=6  speed=24.2  wheelie=0.24 drift=0.05
[iter   859] ts= 5,290,086  eplen= 5484T  rew=+6.069  start=0.98 completion=1.813 prog=+0.84  win=1  pool=6  speed=25.9  wheelie=0.23 drift=0.04
[iter   860] ts= 5,297,148  eplen= 7062T  rew=+4.902  start=0.98 completion=1.804 prog=+0.83  win=0  pool=6  speed=19.3  wheelie=0.24 drift=0.04
[iter   861] ts= 5,303,556  eplen= 6408T  rew=+5.455  start=0.98 completion=1.809 prog=+0.83  win=1  pool=6  speed=21.6  wheelie=0.23 drift=0.04
[iter   862] ts= 5,313,840  eplen=10284T  rew=+3.545  start=0.98 completion=1.812 prog=+0.83  win=1  pool=6  speed=13.8  wheelie=0.22 drift=0.03
[iter   863] ts= 5,318,856  eplen= 5016T  rew=+5.037  start=0.98 completion=1.550 prog=+0.57  win=0  pool=6  speed=20.4  wheelie=0.15 drift=0.20
[iter   864] ts= 5,323,332  eplen= 4476T  rew=+6.199  start=0.98 completion=1.685 prog=+0.71  win=0  pool=6  speed=27.7  wheelie=0.23 drift=0.05
[iter   865] ts= 5,329,032  eplen= 5700T  rew=+6.065  start=0.98 completion=1.807 prog=+0.83  win=1  pool=6  speed=25.1  wheelie=0.25 drift=0.04
[iter   866] ts= 5,334,240  eplen= 5208T  rew=+5.848  start=0.98 completion=1.748 prog=+0.77  win=1  pool=6  speed=25.7  wheelie=0.29 drift=0.05
[iter   867] ts= 5,339,616  eplen= 5376T  rew=+6.536  start=0.98 completion=1.826 prog=+0.85  win=1  pool=6  speed=26.9  wheelie=0.29 drift=0.06
[iter   868] ts= 5,346,168  eplen= 6552T  rew=+4.491  start=0.98 completion=1.469 prog=+0.49  win=0  pool=6  speed=13.8  wheelie=0.26 drift=0.11
[iter   869] ts= 5,353,968  eplen= 7800T  rew=+4.474  start=0.98 completion=1.802 prog=+0.82  win=1  pool=6  speed=17.4  wheelie=0.37 drift=0.03
[iter   870] ts= 5,360,670  eplen= 6702T  rew=+5.097  start=0.98 completion=1.805 prog=+0.83  win=1  pool=6  speed=18.6  wheelie=0.34 drift=0.04
[iter   871] ts= 5,372,220  eplen=11550T  rew=+3.995  start=0.98 completion=1.821 prog=+0.84  win=0  pool=6  speed=12.3  wheelie=0.35 drift=0.04
[iter   872] ts= 5,377,854  eplen= 5634T  rew=+4.769  start=0.98 completion=1.570 prog=+0.59  win=0  pool=6  speed=16.1  wheelie=0.22 drift=0.20
[iter   873] ts= 5,382,570  eplen= 4716T  rew=+6.135  start=0.98 completion=1.797 prog=+0.82  win=1  pool=6  speed=27.1  wheelie=0.25 drift=0.05
[iter   874] ts= 5,387,208  eplen= 4638T  rew=+6.600  start=0.98 completion=1.809 prog=+0.83  win=1  pool=6  speed=28.1  wheelie=0.28 drift=0.05
[iter   875] ts= 5,392,524  eplen= 5316T  rew=+6.276  start=0.98 completion=1.801 prog=+0.82  win=1  pool=6  speed=24.9  wheelie=0.27 drift=0.06
[iter   876] ts= 5,399,106  eplen= 6582T  rew=+5.708  start=0.98 completion=1.811 prog=+0.83  win=1  pool=6  speed=21.9  wheelie=0.32 drift=0.04
[iter   877] ts= 5,403,696  eplen= 4590T  rew=+7.186  start=0.98 completion=1.807 prog=+0.83  win=0  pool=6  speed=30.8  wheelie=0.26 drift=0.05
[iter   878] ts= 5,409,324  eplen= 5628T  rew=+6.185  start=0.98 completion=1.841 prog=+0.86  win=1  pool=6  speed=28.0  wheelie=0.20 drift=0.05
[iter   879] ts= 5,413,668  eplen= 4344T  rew=+2.553  start=0.98 completion=1.233 prog=+0.26  win=0  pool=6  speed=10.9  wheelie=0.10 drift=0.19
[iter   880] ts= 5,418,168  eplen= 4500T  rew=+7.479  start=0.98 completion=1.868 prog=+0.89  win=1  pool=6  speed=34.1  wheelie=0.15 drift=0.06
[iter   881] ts= 5,424,894  eplen= 6726T  rew=+5.227  start=0.98 completion=1.811 prog=+0.83  win=1  pool=6  speed=19.9  wheelie=0.26 drift=0.03
[iter   882] ts= 5,430,996  eplen= 6102T  rew=+6.451  start=0.98 completion=1.821 prog=+0.84  win=1  pool=6  speed=27.2  wheelie=0.21 drift=0.05
[iter   883] ts= 5,436,126  eplen= 5130T  rew=+6.456  start=0.98 completion=1.804 prog=+0.83  win=1  pool=6  speed=31.0  wheelie=0.21 drift=0.04
[iter   884] ts= 5,440,446  eplen= 4320T  rew=+5.889  start=0.98 completion=1.696 prog=+0.72  win=0  pool=6  speed=27.5  wheelie=0.20 drift=0.05
[iter   885] ts= 5,444,628  eplen= 4182T  rew=+3.024  start=0.98 completion=1.420 prog=+0.44  win=1  pool=6  speed=18.4  wheelie=0.15 drift=0.13
[iter   886] ts= 5,450,562  eplen= 5934T  rew=+6.675  start=0.98 completion=1.875 prog=+0.90  win=1  pool=6  speed=28.0  wheelie=0.17 drift=0.03
[iter   887] ts= 5,457,822  eplen= 7260T  rew=+4.892  start=0.98 completion=1.683 prog=+0.71  win=0  pool=6  speed=16.4  wheelie=0.26 drift=0.04
[iter   888] ts= 5,462,910  eplen= 5088T  rew=+6.885  start=0.98 completion=1.806 prog=+0.83  win=1  pool=6  speed=28.5  wheelie=0.16 drift=0.04
[iter   889] ts= 5,467,284  eplen= 4374T  rew=+6.548  start=0.98 completion=1.807 prog=+0.83  win=1  pool=6  speed=33.0  wheelie=0.15 drift=0.05
[iter   890] ts= 5,474,424  eplen= 7140T  rew=+5.198  start=0.98 completion=1.516 prog=+0.54  win=0  pool=6  speed=15.0  wheelie=0.12 drift=0.33
[iter   891] ts= 5,480,826  eplen= 6402T  rew=+2.946  start=0.98 completion=1.407 prog=+0.43  win=0  pool=6  speed=12.7  wheelie=0.14 drift=0.15
[iter   892] ts= 5,485,914  eplen= 5088T  rew=+6.390  start=0.98 completion=1.795 prog=+0.82  win=1  pool=6  speed=26.4  wheelie=0.16 drift=0.05
[iter   893] ts= 5,490,954  eplen= 5040T  rew=+6.184  start=0.98 completion=1.763 prog=+0.79  win=0  pool=6  speed=28.4  wheelie=0.21 drift=0.06
[iter   894] ts= 5,497,506  eplen= 6552T  rew=+6.001  start=0.98 completion=1.812 prog=+0.83  win=1  pool=6  speed=21.6  wheelie=0.22 drift=0.06
[iter   895] ts= 5,502,774  eplen= 5268T  rew=+6.278  start=0.98 completion=1.820 prog=+0.84  win=1  pool=6  speed=26.2  wheelie=0.22 drift=0.04
[iter   896] ts= 5,508,552  eplen= 5778T  rew=+6.211  start=0.98 completion=1.812 prog=+0.83  win=1  pool=6  speed=25.8  wheelie=0.23 drift=0.04
[iter   897] ts= 5,512,842  eplen= 4290T  rew=+5.703  start=0.98 completion=1.670 prog=+0.69  win=1  pool=6  speed=26.8  wheelie=0.22 drift=0.06
[iter   898] ts= 5,517,534  eplen= 4692T  rew=+7.616  start=0.98 completion=1.797 prog=+0.82  win=0  pool=6  speed=28.2  wheelie=0.20 drift=0.05
[iter   899] ts= 5,524,398  eplen= 6864T  rew=+3.268  start=0.98 completion=1.521 prog=+0.54  win=0  pool=6  speed=16.0  wheelie=0.16 drift=0.23
[iter   900] ts= 5,528,184  eplen= 3786T  rew=+6.235  start=0.98 completion=1.651 prog=+0.67  win=0  pool=6  speed=30.6  wheelie=0.15 drift=0.19
[iter   901] ts= 5,533,680  eplen= 5496T  rew=+7.666  start=0.98 completion=1.801 prog=+0.82  win=0  pool=6  speed=27.3  wheelie=0.16 drift=0.06
[iter   902] ts= 5,539,236  eplen= 5556T  rew=+5.724  start=0.98 completion=1.808 prog=+0.83  win=0  pool=6  speed=22.8  wheelie=0.17 drift=0.08
[iter   903] ts= 5,544,390  eplen= 5154T  rew=+5.842  start=0.98 completion=1.752 prog=+0.77  win=1  pool=6  speed=28.8  wheelie=0.21 drift=0.05
[iter   904] ts= 5,548,824  eplen= 4434T  rew=+6.604  start=0.98 completion=1.793 prog=+0.82  win=1  pool=6  speed=30.6  wheelie=0.16 drift=0.06
[iter   905] ts= 5,554,572  eplen= 5748T  rew=+5.626  start=0.98 completion=1.741 prog=+0.76  win=1  pool=6  speed=25.2  wheelie=0.18 drift=0.06
[iter   906] ts= 5,559,234  eplen= 4662T  rew=+6.721  start=0.98 completion=1.846 prog=+0.87  win=1  pool=6  speed=31.2  wheelie=0.18 drift=0.06
[iter   907] ts= 5,566,416  eplen= 7182T  rew=+2.888  start=0.98 completion=1.562 prog=+0.58  win=1  pool=6  speed=12.9  wheelie=0.13 drift=0.30
[iter   908] ts= 5,570,880  eplen= 4464T  rew=+6.603  start=0.98 completion=1.792 prog=+0.81  win=1  pool=6  speed=30.9  wheelie=0.19 drift=0.06
[iter   909] ts= 5,575,674  eplen= 4794T  rew=+6.180  start=0.98 completion=1.774 prog=+0.80  win=0  pool=6  speed=30.6  wheelie=0.19 drift=0.08
[iter   910] ts= 5,580,264  eplen= 4590T  rew=+6.406  start=0.98 completion=1.715 prog=+0.74  win=1  pool=6  speed=31.1  wheelie=0.22 drift=0.13
[iter   911] ts= 5,584,608  eplen= 4344T  rew=+5.674  start=0.98 completion=1.675 prog=+0.70  win=1  pool=6  speed=28.3  wheelie=0.21 drift=0.03
[iter   912] ts= 5,590,062  eplen= 5454T  rew=+5.604  start=0.98 completion=1.558 prog=+0.58  win=0  pool=6  speed=20.2  wheelie=0.11 drift=0.39
[iter   913] ts= 5,594,808  eplen= 4746T  rew=+3.699  start=0.98 completion=1.391 prog=+0.41  win=0  pool=6  speed=16.3  wheelie=0.12 drift=0.19
[iter   914] ts= 5,600,358  eplen= 5550T  rew=+6.201  start=0.98 completion=1.820 prog=+0.84  win=1  pool=6  speed=24.8  wheelie=0.22 drift=0.04
[iter   915] ts= 5,605,560  eplen= 5202T  rew=+6.850  start=0.98 completion=1.829 prog=+0.85  win=1  pool=6  speed=29.0  wheelie=0.19 drift=0.07
[iter   916] ts= 5,609,262  eplen= 3702T  rew=+6.984  start=0.98 completion=1.765 prog=+0.79  win=1  pool=6  speed=34.6  wheelie=0.13 drift=0.10
[iter   917] ts= 5,612,910  eplen= 3648T  rew=+6.091  start=0.98 completion=1.638 prog=+0.66  win=0  pool=6  speed=30.1  wheelie=0.15 drift=0.09
[iter   918] ts= 5,618,562  eplen= 5652T  rew=+6.432  start=0.98 completion=1.743 prog=+0.77  win=1  pool=6  speed=27.9  wheelie=0.16 drift=0.19
[iter   919] ts= 5,623,080  eplen= 4518T  rew=+7.215  start=0.98 completion=1.798 prog=+0.82  win=0  pool=6  speed=29.6  wheelie=0.11 drift=0.15
[iter   920] ts= 5,627,682  eplen= 4602T  rew=+6.934  start=0.98 completion=1.812 prog=+0.83  win=1  pool=6  speed=29.0  wheelie=0.16 drift=0.08
[iter   921] ts= 5,633,502  eplen= 5820T  rew=+5.656  start=0.98 completion=1.791 prog=+0.81  win=1  pool=6  speed=22.6  wheelie=0.12 drift=0.04
[iter   922] ts= 5,638,614  eplen= 5112T  rew=+6.108  start=0.98 completion=1.746 prog=+0.77  win=1  pool=6  speed=25.5  wheelie=0.11 drift=0.04
[checkpoint] saved checkpoint_5638614.pt
[iter   923] ts= 5,645,178  eplen= 6564T  rew=+5.519  start=0.98 completion=1.783 prog=+0.81  win=1  pool=6  speed=20.5  wheelie=0.11 drift=0.04
[iter   924] ts= 5,650,374  eplen= 5196T  rew=+1.885  start=0.98 completion=1.269 prog=+0.29  win=0  pool=6  speed=10.4  wheelie=0.06 drift=0.33
[iter   925] ts= 5,654,400  eplen= 4026T  rew=+5.854  start=0.98 completion=1.715 prog=+0.74  win=1  pool=6  speed=29.0  wheelie=0.07 drift=0.05
[iter   926] ts= 5,659,518  eplen= 5118T  rew=+6.570  start=0.98 completion=1.825 prog=+0.85  win=1  pool=6  speed=26.5  wheelie=0.09 drift=0.05
[iter   927] ts= 5,665,644  eplen= 6126T  rew=+7.470  start=0.98 completion=1.798 prog=+0.82  win=0  pool=6  speed=21.9  wheelie=0.10 drift=0.07
[iter   928] ts= 5,669,238  eplen= 3594T  rew=+7.162  start=0.98 completion=1.794 prog=+0.82  win=1  pool=6  speed=39.4  wheelie=0.10 drift=0.07
[iter   929] ts= 5,674,878  eplen= 5640T  rew=+4.966  start=0.98 completion=1.673 prog=+0.70  win=0  pool=6  speed=20.8  wheelie=0.12 drift=0.04
[iter   930] ts= 5,682,564  eplen= 7686T  rew=+7.030  start=0.98 completion=1.787 prog=+0.81  win=0  pool=6  speed=17.7  wheelie=0.13 drift=0.03
[iter   931] ts= 5,687,916  eplen= 5352T  rew=+6.001  start=0.98 completion=1.612 prog=+0.63  win=0  pool=6  speed=21.6  wheelie=0.15 drift=0.19
[iter   932] ts= 5,695,788  eplen= 7872T  rew=+4.576  start=0.98 completion=1.452 prog=+0.47  win=0  pool=6  speed=12.9  wheelie=0.10 drift=0.45
[iter   933] ts= 5,702,748  eplen= 6960T  rew=+4.892  start=0.98 completion=1.809 prog=+0.83  win=0  pool=6  speed=19.0  wheelie=0.20 drift=0.04
[iter   934] ts= 5,707,098  eplen= 4350T  rew=+6.878  start=0.98 completion=1.812 prog=+0.83  win=1  pool=6  speed=32.3  wheelie=0.16 drift=0.08
[iter   935] ts= 5,714,100  eplen= 7002T  rew=+5.862  start=0.98 completion=1.781 prog=+0.80  win=0  pool=6  speed=18.6  wheelie=0.20 drift=0.04
[iter   936] ts= 5,720,196  eplen= 6096T  rew=+5.708  start=0.98 completion=1.792 prog=+0.81  win=1  pool=6  speed=23.3  wheelie=0.23 drift=0.03
[iter   937] ts= 5,724,990  eplen= 4794T  rew=+6.513  start=0.98 completion=1.843 prog=+0.87  win=1  pool=6  speed=30.0  wheelie=0.23 drift=0.06
[iter   938] ts= 5,729,976  eplen= 4986T  rew=+5.761  start=0.98 completion=1.705 prog=+0.73  win=1  pool=6  speed=24.6  wheelie=0.22 drift=0.06
[iter   939] ts= 5,736,318  eplen= 6342T  rew=+5.637  start=0.98 completion=1.815 prog=+0.84  win=1  pool=6  speed=22.5  wheelie=0.27 drift=0.06
[iter   940] ts= 5,743,650  eplen= 7332T  rew=+4.106  start=0.98 completion=1.757 prog=+0.78  win=1  pool=6  speed=16.7  wheelie=0.28 drift=0.04
[iter   941] ts= 5,748,816  eplen= 5166T  rew=+6.030  start=0.98 completion=1.769 prog=+0.79  win=1  pool=6  speed=26.2  wheelie=0.24 drift=0.04
[iter   942] ts= 5,754,120  eplen= 5304T  rew=+7.992  start=0.98 completion=1.808 prog=+0.83  win=0  pool=6  speed=29.3  wheelie=0.24 drift=0.03
[iter   943] ts= 5,759,862  eplen= 5742T  rew=+5.882  start=0.98 completion=1.806 prog=+0.83  win=1  pool=6  speed=24.7  wheelie=0.27 drift=0.06
[iter   944] ts= 5,764,584  eplen= 4722T  rew=+5.453  start=0.98 completion=1.682 prog=+0.70  win=1  pool=6  speed=25.8  wheelie=0.24 drift=0.07
[iter   945] ts= 5,769,672  eplen= 5088T  rew=+6.861  start=0.98 completion=1.804 prog=+0.83  win=0  pool=6  speed=28.7  wheelie=0.24 drift=0.06
[iter   946] ts= 5,774,844  eplen= 5172T  rew=+6.160  start=0.98 completion=1.800 prog=+0.82  win=1  pool=6  speed=26.4  wheelie=0.29 drift=0.06
[iter   947] ts= 5,780,592  eplen= 5748T  rew=+5.876  start=0.98 completion=1.796 prog=+0.82  win=1  pool=6  speed=24.6  wheelie=0.28 drift=0.06
[iter   948] ts= 5,787,102  eplen= 6510T  rew=+5.525  start=0.98 completion=1.803 prog=+0.83  win=1  pool=6  speed=21.8  wheelie=0.31 drift=0.04
[iter   949] ts= 5,793,930  eplen= 6828T  rew=+6.181  start=0.98 completion=1.799 prog=+0.82  win=1  pool=6  speed=21.2  wheelie=0.27 drift=0.16
[iter   950] ts= 5,801,406  eplen= 7476T  rew=+4.391  start=0.98 completion=1.796 prog=+0.82  win=1  pool=6  speed=17.1  wheelie=0.31 drift=0.05
[iter   951] ts= 5,806,344  eplen= 4938T  rew=+6.827  start=0.98 completion=1.819 prog=+0.84  win=1  pool=6  speed=28.9  wheelie=0.25 drift=0.06
[iter   952] ts= 5,811,984  eplen= 5640T  rew=+6.332  start=0.98 completion=1.800 prog=+0.82  win=1  pool=6  speed=24.9  wheelie=0.27 drift=0.09
[iter   953] ts= 5,817,168  eplen= 5184T  rew=+6.699  start=0.98 completion=1.840 prog=+0.86  win=0  pool=6  speed=29.8  wheelie=0.26 drift=0.07
[iter   954] ts= 5,822,244  eplen= 5076T  rew=+6.616  start=0.98 completion=1.817 prog=+0.84  win=1  pool=6  speed=30.5  wheelie=0.25 drift=0.08
[iter   955] ts= 5,826,564  eplen= 4320T  rew=+6.704  start=0.98 completion=1.756 prog=+0.78  win=0  pool=6  speed=30.3  wheelie=0.24 drift=0.08
[iter   956] ts= 5,831,622  eplen= 5058T  rew=+6.362  start=0.98 completion=1.823 prog=+0.85  win=1  pool=6  speed=26.5  wheelie=0.24 drift=0.05
[iter   957] ts= 5,836,908  eplen= 5286T  rew=+6.553  start=0.98 completion=1.844 prog=+0.87  win=1  pool=6  speed=29.7  wheelie=0.23 drift=0.07
[iter   958] ts= 5,842,392  eplen= 5484T  rew=+6.066  start=0.98 completion=1.813 prog=+0.84  win=1  pool=6  speed=24.9  wheelie=0.26 drift=0.05
[iter   959] ts= 5,846,148  eplen= 3756T  rew=+5.461  start=0.98 completion=1.633 prog=+0.66  win=1  pool=6  speed=32.0  wheelie=0.19 drift=0.11
[iter   960] ts= 5,850,654  eplen= 4506T  rew=+6.079  start=0.98 completion=1.747 prog=+0.77  win=1  pool=6  speed=28.2  wheelie=0.19 drift=0.07
[iter   961] ts= 5,856,306  eplen= 5652T  rew=+7.218  start=0.98 completion=1.832 prog=+0.85  win=1  pool=6  speed=27.4  wheelie=0.20 drift=0.08
[iter   962] ts= 5,861,832  eplen= 5526T  rew=+6.250  start=0.98 completion=1.854 prog=+0.88  win=1  pool=6  speed=28.0  wheelie=0.21 drift=0.05
[iter   963] ts= 5,865,918  eplen= 4086T  rew=+6.251  start=0.98 completion=1.671 prog=+0.69  win=0  pool=6  speed=31.5  wheelie=0.18 drift=0.08
[iter   964] ts= 5,872,110  eplen= 6192T  rew=+5.794  start=0.98 completion=1.768 prog=+0.79  win=0  pool=6  speed=25.4  wheelie=0.21 drift=0.06
[iter   965] ts= 5,877,870  eplen= 5760T  rew=+6.165  start=0.98 completion=1.819 prog=+0.84  win=1  pool=6  speed=25.9  wheelie=0.20 drift=0.07
[iter   966] ts= 5,882,694  eplen= 4824T  rew=+6.638  start=0.98 completion=1.807 prog=+0.83  win=1  pool=6  speed=29.0  wheelie=0.16 drift=0.06
[iter   967] ts= 5,888,322  eplen= 5628T  rew=+6.382  start=0.98 completion=1.806 prog=+0.83  win=1  pool=6  speed=29.5  wheelie=0.17 drift=0.06
[iter   968] ts= 5,894,652  eplen= 6330T  rew=+5.171  start=0.98 completion=1.606 prog=+0.63  win=1  pool=6  speed=19.0  wheelie=0.19 drift=0.11
[iter   969] ts= 5,898,954  eplen= 4302T  rew=+6.415  start=0.98 completion=1.693 prog=+0.72  win=0  pool=6  speed=33.6  wheelie=0.15 drift=0.08
[iter   970] ts= 5,904,012  eplen= 5058T  rew=+6.271  start=0.98 completion=1.660 prog=+0.68  win=0  pool=6  speed=26.5  wheelie=0.15 drift=0.06
[iter   971] ts= 5,907,684  eplen= 3672T  rew=+6.369  start=0.98 completion=1.666 prog=+0.69  win=0  pool=6  speed=33.2  wheelie=0.14 drift=0.08
[iter   972] ts= 5,915,694  eplen= 8010T  rew=+5.382  start=0.98 completion=1.815 prog=+0.84  win=1  pool=6  speed=18.1  wheelie=0.18 drift=0.07
[iter   973] ts= 5,921,052  eplen= 5358T  rew=+7.017  start=0.98 completion=1.824 prog=+0.85  win=1  pool=6  speed=29.3  wheelie=0.16 drift=0.07
[iter   974] ts= 5,926,788  eplen= 5736T  rew=+5.991  start=0.98 completion=1.829 prog=+0.85  win=0  pool=6  speed=24.6  wheelie=0.14 drift=0.07
[iter   975] ts= 5,938,404  eplen=11616T  rew=+3.708  start=0.98 completion=1.822 prog=+0.85  win=1  pool=6  speed=12.6  wheelie=0.19 drift=0.07
[iter   976] ts= 5,943,978  eplen= 5574T  rew=+6.165  start=0.98 completion=1.812 prog=+0.83  win=1  pool=6  speed=25.9  wheelie=0.16 drift=0.08
[iter   977] ts= 5,948,898  eplen= 4920T  rew=+7.157  start=0.98 completion=1.750 prog=+0.77  win=0  pool=6  speed=30.3  wheelie=0.20 drift=0.14
[iter   978] ts= 5,953,896  eplen= 4998T  rew=+6.352  start=0.98 completion=1.680 prog=+0.70  win=0  pool=6  speed=24.1  wheelie=0.18 drift=0.08
[iter   979] ts= 5,961,156  eplen= 7260T  rew=+7.474  start=0.98 completion=1.772 prog=+0.79  win=0  pool=6  speed=20.0  wheelie=0.17 drift=0.19
[iter   980] ts= 5,966,358  eplen= 5202T  rew=+6.675  start=0.98 completion=1.809 prog=+0.83  win=1  pool=6  speed=28.4  wheelie=0.15 drift=0.07
[iter   981] ts= 5,972,178  eplen= 5820T  rew=+6.260  start=0.98 completion=1.826 prog=+0.85  win=1  pool=6  speed=27.3  wheelie=0.17 drift=0.09
[iter   982] ts= 5,978,178  eplen= 6000T  rew=+6.761  start=0.98 completion=1.812 prog=+0.83  win=1  pool=6  speed=24.5  wheelie=0.16 drift=0.07
[iter   983] ts= 5,983,800  eplen= 5622T  rew=+6.421  start=0.98 completion=1.810 prog=+0.83  win=1  pool=6  speed=25.8  wheelie=0.14 drift=0.08
[iter   984] ts= 5,989,800  eplen= 6000T  rew=+6.570  start=0.98 completion=1.810 prog=+0.83  win=1  pool=6  speed=26.2  wheelie=0.11 drift=0.09
[iter   985] ts= 5,997,708  eplen= 7908T  rew=+5.079  start=0.98 completion=1.810 prog=+0.83  win=0  pool=6  speed=18.9  wheelie=0.11 drift=0.06
[iter   986] ts= 6,003,078  eplen= 5370T  rew=+6.531  start=0.98 completion=1.806 prog=+0.83  win=1  pool=6  speed=28.4  wheelie=0.12 drift=0.07
[iter   987] ts= 6,009,336  eplen= 6258T  rew=+5.713  start=0.98 completion=1.806 prog=+0.83  win=1  pool=6  speed=23.1  wheelie=0.12 drift=0.07
[iter   988] ts= 6,015,660  eplen= 6324T  rew=+6.721  start=0.98 completion=1.794 prog=+0.82  win=0  pool=6  speed=22.2  wheelie=0.09 drift=0.06
[iter   989] ts= 6,020,682  eplen= 5022T  rew=+6.530  start=0.98 completion=1.813 prog=+0.84  win=1  pool=6  speed=28.6  wheelie=0.10 drift=0.07
[selfplay] pushed snapshot (pool=7)
[iter   990] ts= 6,025,746  eplen= 5064T  rew=+6.708  start=0.98 completion=1.812 prog=+0.83  win=1  pool=7  speed=30.0  wheelie=0.12 drift=0.10
[iter   991] ts= 6,030,702  eplen= 4956T  rew=+6.661  start=0.98 completion=1.814 prog=+0.84  win=1  pool=7  speed=29.5  wheelie=0.13 drift=0.07
[iter   992] ts= 6,035,172  eplen= 4470T  rew=+6.793  start=0.98 completion=1.812 prog=+0.83  win=1  pool=7  speed=34.2  wheelie=0.12 drift=0.07
[iter   993] ts= 6,040,602  eplen= 5430T  rew=+6.266  start=0.98 completion=1.817 prog=+0.84  win=1  pool=7  speed=24.9  wheelie=0.08 drift=0.06
[checkpoint] saved checkpoint_6040602.pt
[iter   994] ts= 6,046,752  eplen= 6150T  rew=+6.239  start=0.98 completion=1.815 prog=+0.84  win=1  pool=7  speed=25.0  wheelie=0.13 drift=0.08
[iter   995] ts= 6,051,804  eplen= 5052T  rew=+6.528  start=0.98 completion=1.792 prog=+0.81  win=0  pool=7  speed=28.2  wheelie=0.15 drift=0.07
[iter   996] ts= 6,058,308  eplen= 6504T  rew=+5.716  start=0.98 completion=1.813 prog=+0.84  win=1  pool=7  speed=23.6  wheelie=0.16 drift=0.08
[iter   997] ts= 6,063,150  eplen= 4842T  rew=+7.116  start=0.98 completion=1.804 prog=+0.83  win=0  pool=7  speed=30.5  wheelie=0.15 drift=0.06
[iter   998] ts= 6,068,334  eplen= 5184T  rew=+6.575  start=0.98 completion=1.813 prog=+0.84  win=1  pool=7  speed=29.4  wheelie=0.19 drift=0.09
[iter   999] ts= 6,076,386  eplen= 8052T  rew=+5.246  start=0.98 completion=1.690 prog=+0.71  win=1  pool=7  speed=16.4  wheelie=0.21 drift=0.11
[iter  1000] ts= 6,080,406  eplen= 4020T  rew=+7.233  start=0.98 completion=1.792 prog=+0.81  win=1  pool=7  speed=34.0  wheelie=0.18 drift=0.10
[iter  1001] ts= 6,086,154  eplen= 5748T  rew=+6.188  start=0.98 completion=1.806 prog=+0.83  win=1  pool=7  speed=24.8  wheelie=0.24 drift=0.07
[iter  1002] ts= 6,091,086  eplen= 4932T  rew=+7.023  start=0.98 completion=1.832 prog=+0.85  win=1  pool=7  speed=32.2  wheelie=0.24 drift=0.09
[iter  1003] ts= 6,095,976  eplen= 4890T  rew=+6.937  start=0.98 completion=1.797 prog=+0.82  win=0  pool=7  speed=28.3  wheelie=0.18 drift=0.08
[iter  1004] ts= 6,101,292  eplen= 5316T  rew=+6.641  start=0.98 completion=1.816 prog=+0.84  win=1  pool=7  speed=29.2  wheelie=0.19 drift=0.07
[iter  1005] ts= 6,106,998  eplen= 5706T  rew=+6.313  start=0.98 completion=1.816 prog=+0.84  win=1  pool=7  speed=26.2  wheelie=0.18 drift=0.06
[iter  1006] ts= 6,112,284  eplen= 5286T  rew=+6.901  start=0.98 completion=1.818 prog=+0.84  win=1  pool=7  speed=28.2  wheelie=0.23 drift=0.08
[iter  1007] ts= 6,117,492  eplen= 5208T  rew=+6.445  start=0.98 completion=1.811 prog=+0.83  win=1  pool=7  speed=27.9  wheelie=0.19 drift=0.07
[iter  1008] ts= 6,122,034  eplen= 4542T  rew=+6.920  start=0.98 completion=1.799 prog=+0.82  win=1  pool=7  speed=29.8  wheelie=0.17 drift=0.06
[iter  1009] ts= 6,127,212  eplen= 5178T  rew=+6.232  start=0.98 completion=1.727 prog=+0.75  win=1  pool=7  speed=25.6  wheelie=0.21 drift=0.08
[iter  1010] ts= 6,132,960  eplen= 5748T  rew=+7.101  start=0.98 completion=1.795 prog=+0.82  win=1  pool=7  speed=25.7  wheelie=0.17 drift=0.07
[iter  1011] ts= 6,139,824  eplen= 6864T  rew=+5.193  start=0.98 completion=1.814 prog=+0.84  win=1  pool=7  speed=21.0  wheelie=0.14 drift=0.05
[iter  1012] ts= 6,144,432  eplen= 4608T  rew=+7.584  start=0.98 completion=1.786 prog=+0.81  win=0  pool=7  speed=29.5  wheelie=0.10 drift=0.06
[iter  1013] ts= 6,149,916  eplen= 5484T  rew=+6.390  start=0.98 completion=1.801 prog=+0.82  win=1  pool=7  speed=25.2  wheelie=0.11 drift=0.05
[iter  1014] ts= 6,154,902  eplen= 4986T  rew=+6.988  start=0.98 completion=1.824 prog=+0.85  win=1  pool=7  speed=30.8  wheelie=0.18 drift=0.05
[iter  1015] ts= 6,160,494  eplen= 5592T  rew=+6.306  start=0.98 completion=1.812 prog=+0.83  win=1  pool=7  speed=27.1  wheelie=0.18 drift=0.06
[iter  1016] ts= 6,164,616  eplen= 4122T  rew=+7.069  start=0.98 completion=1.816 prog=+0.84  win=1  pool=7  speed=35.6  wheelie=0.14 drift=0.07
[iter  1017] ts= 6,169,998  eplen= 5382T  rew=+6.608  start=0.98 completion=1.823 prog=+0.85  win=1  pool=7  speed=26.8  wheelie=0.14 drift=0.05
[iter  1018] ts= 6,175,344  eplen= 5346T  rew=+7.629  start=0.98 completion=1.815 prog=+0.84  win=0  pool=7  speed=26.6  wheelie=0.11 drift=0.05
[iter  1019] ts= 6,180,900  eplen= 5556T  rew=+6.674  start=0.98 completion=1.799 prog=+0.82  win=1  pool=7  speed=27.7  wheelie=0.19 drift=0.07
[iter  1020] ts= 6,186,576  eplen= 5676T  rew=+6.339  start=0.98 completion=1.797 prog=+0.82  win=1  pool=7  speed=24.5  wheelie=0.12 drift=0.05
[iter  1021] ts= 6,192,444  eplen= 5868T  rew=+5.902  start=0.98 completion=1.802 prog=+0.82  win=1  pool=7  speed=24.0  wheelie=0.14 drift=0.05
[iter  1022] ts= 6,200,634  eplen= 8190T  rew=+4.189  start=0.98 completion=1.799 prog=+0.82  win=1  pool=7  speed=16.7  wheelie=0.10 drift=0.04
[iter  1023] ts= 6,206,724  eplen= 6090T  rew=+5.474  start=0.98 completion=1.809 prog=+0.83  win=1  pool=7  speed=22.7  wheelie=0.16 drift=0.07
[iter  1024] ts= 6,211,860  eplen= 5136T  rew=+5.821  start=0.98 completion=1.788 prog=+0.81  win=1  pool=7  speed=24.7  wheelie=0.17 drift=0.08
[iter  1025] ts= 6,217,230  eplen= 5370T  rew=+6.686  start=0.98 completion=1.795 prog=+0.82  win=1  pool=7  speed=26.6  wheelie=0.17 drift=0.07
[iter  1026] ts= 6,221,898  eplen= 4668T  rew=+6.616  start=0.98 completion=1.791 prog=+0.81  win=1  pool=7  speed=29.1  wheelie=0.14 drift=0.07
[iter  1027] ts= 6,223,578  eplen= 1680T  rew=+2.304  start=0.98 completion=1.132 prog=+0.15  win=0  pool=7  speed=20.8  wheelie=0.14 drift=0.15
[iter  1028] ts= 6,228,180  eplen= 4602T  rew=+6.565  start=0.98 completion=1.799 prog=+0.82  win=1  pool=7  speed=30.7  wheelie=0.11 drift=0.06
[iter  1029] ts= 6,232,806  eplen= 4626T  rew=+6.800  start=0.98 completion=1.805 prog=+0.83  win=1  pool=7  speed=31.1  wheelie=0.15 drift=0.06
[iter  1030] ts= 6,238,896  eplen= 6090T  rew=+5.992  start=0.98 completion=1.815 prog=+0.84  win=1  pool=7  speed=26.3  wheelie=0.15 drift=0.06
[iter  1031] ts= 6,242,760  eplen= 3864T  rew=+6.990  start=0.98 completion=1.765 prog=+0.79  win=1  pool=7  speed=35.3  wheelie=0.18 drift=0.08
[iter  1032] ts= 6,249,420  eplen= 6660T  rew=+6.122  start=0.98 completion=1.792 prog=+0.81  win=1  pool=7  speed=23.1  wheelie=0.24 drift=0.08
[iter  1033] ts= 6,254,190  eplen= 4770T  rew=+7.186  start=0.98 completion=1.798 prog=+0.82  win=1  pool=7  speed=31.0  wheelie=0.25 drift=0.10
[iter  1034] ts= 6,259,086  eplen= 4896T  rew=+6.617  start=0.98 completion=1.792 prog=+0.81  win=1  pool=7  speed=29.1  wheelie=0.22 drift=0.08
[iter  1035] ts= 6,263,436  eplen= 4350T  rew=+7.333  start=0.98 completion=1.817 prog=+0.84  win=1  pool=7  speed=34.2  wheelie=0.14 drift=0.06
[iter  1036] ts= 6,268,020  eplen= 4584T  rew=+6.703  start=0.98 completion=1.806 prog=+0.83  win=1  pool=7  speed=32.4  wheelie=0.22 drift=0.07
[iter  1037] ts= 6,272,790  eplen= 4770T  rew=+6.556  start=0.98 completion=1.815 prog=+0.84  win=1  pool=7  speed=29.5  wheelie=0.19 drift=0.07
[iter  1038] ts= 6,277,284  eplen= 4494T  rew=+7.323  start=0.98 completion=1.788 prog=+0.81  win=1  pool=7  speed=33.2  wheelie=0.26 drift=0.09
[iter  1039] ts= 6,281,706  eplen= 4422T  rew=+7.172  start=0.98 completion=1.792 prog=+0.81  win=1  pool=7  speed=32.0  wheelie=0.23 drift=0.09
[iter  1040] ts= 6,286,038  eplen= 4332T  rew=+6.985  start=0.98 completion=1.788 prog=+0.81  win=1  pool=7  speed=31.3  wheelie=0.19 drift=0.07
[iter  1041] ts= 6,289,926  eplen= 3888T  rew=+7.131  start=0.98 completion=1.796 prog=+0.82  win=1  pool=7  speed=35.2  wheelie=0.15 drift=0.06
[iter  1042] ts= 6,294,582  eplen= 4656T  rew=+6.770  start=0.98 completion=1.794 prog=+0.82  win=1  pool=7  speed=32.2  wheelie=0.18 drift=0.08
[iter  1043] ts= 6,298,806  eplen= 4224T  rew=+6.861  start=0.98 completion=1.799 prog=+0.82  win=1  pool=7  speed=34.3  wheelie=0.15 drift=0.10
[iter  1044] ts= 6,302,796  eplen= 3990T  rew=+7.413  start=0.98 completion=1.796 prog=+0.82  win=0  pool=7  speed=35.2  wheelie=0.21 drift=0.07
[iter  1045] ts= 6,307,002  eplen= 4206T  rew=+7.133  start=0.98 completion=1.792 prog=+0.81  win=1  pool=7  speed=33.3  wheelie=0.19 drift=0.08
[iter  1046] ts= 6,311,208  eplen= 4206T  rew=+7.045  start=0.98 completion=1.798 prog=+0.82  win=1  pool=7  speed=35.4  wheelie=0.19 drift=0.09
[iter  1047] ts= 6,315,522  eplen= 4314T  rew=+6.686  start=0.98 completion=1.801 prog=+0.82  win=1  pool=7  speed=32.2  wheelie=0.20 drift=0.08
[iter  1048] ts= 6,321,162  eplen= 5640T  rew=+5.951  start=0.98 completion=1.801 prog=+0.82  win=1  pool=7  speed=25.9  wheelie=0.20 drift=0.08
[iter  1049] ts= 6,325,530  eplen= 4368T  rew=+6.858  start=0.98 completion=1.797 prog=+0.82  win=1  pool=7  speed=32.3  wheelie=0.15 drift=0.06
[iter  1050] ts= 6,330,840  eplen= 5310T  rew=+6.272  start=0.98 completion=1.798 prog=+0.82  win=1  pool=7  speed=26.3  wheelie=0.18 drift=0.07
[iter  1051] ts= 6,337,164  eplen= 6324T  rew=+5.554  start=0.98 completion=1.802 prog=+0.82  win=1  pool=7  speed=22.4  wheelie=0.17 drift=0.06
[iter  1052] ts= 6,341,118  eplen= 3954T  rew=+7.007  start=0.98 completion=1.799 prog=+0.82  win=1  pool=7  speed=34.6  wheelie=0.16 drift=0.06
[iter  1053] ts= 6,348,066  eplen= 6948T  rew=+5.174  start=0.98 completion=1.796 prog=+0.82  win=0  pool=7  speed=20.3  wheelie=0.21 drift=0.06
[iter  1054] ts= 6,352,302  eplen= 4236T  rew=+7.235  start=0.98 completion=1.806 prog=+0.83  win=0  pool=7  speed=34.8  wheelie=0.15 drift=0.07
[iter  1055] ts= 6,356,802  eplen= 4500T  rew=+6.513  start=0.98 completion=1.787 prog=+0.81  win=1  pool=7  speed=30.5  wheelie=0.20 drift=0.08
[iter  1056] ts= 6,361,668  eplen= 4866T  rew=+6.346  start=0.98 completion=1.783 prog=+0.81  win=1  pool=7  speed=28.5  wheelie=0.22 drift=0.07
[iter  1057] ts= 6,368,592  eplen= 6924T  rew=+4.883  start=0.98 completion=1.789 prog=+0.81  win=0  pool=7  speed=20.3  wheelie=0.28 drift=0.07
[iter  1058] ts= 6,375,276  eplen= 6684T  rew=+5.227  start=0.98 completion=1.792 prog=+0.81  win=0  pool=7  speed=20.6  wheelie=0.28 drift=0.06
[iter  1059] ts= 6,380,172  eplen= 4896T  rew=+6.206  start=0.98 completion=1.787 prog=+0.81  win=1  pool=7  speed=28.7  wheelie=0.24 drift=0.08
[iter  1060] ts= 6,385,044  eplen= 4872T  rew=+5.564  start=0.98 completion=1.551 prog=+0.57  win=0  pool=7  speed=23.4  wheelie=0.27 drift=0.11
[iter  1061] ts= 6,390,660  eplen= 5616T  rew=+6.599  start=0.98 completion=1.796 prog=+0.82  win=1  pool=7  speed=25.0  wheelie=0.20 drift=0.05
[iter  1062] ts= 6,401,610  eplen=10950T  rew=+2.883  start=0.98 completion=1.796 prog=+0.82  win=0  pool=7  speed=12.5  wheelie=0.28 drift=0.05
[iter  1063] ts= 6,406,992  eplen= 5382T  rew=+6.904  start=0.98 completion=1.795 prog=+0.82  win=1  pool=7  speed=27.0  wheelie=0.19 drift=0.07
[iter  1064] ts= 6,412,428  eplen= 5436T  rew=+5.385  start=0.98 completion=1.587 prog=+0.61  win=0  pool=7  speed=19.9  wheelie=0.31 drift=0.08
[iter  1065] ts= 6,417,684  eplen= 5256T  rew=+6.843  start=0.98 completion=1.795 prog=+0.82  win=1  pool=7  speed=27.1  wheelie=0.27 drift=0.07
[iter  1066] ts= 6,423,696  eplen= 6012T  rew=+5.785  start=0.98 completion=1.792 prog=+0.81  win=1  pool=7  speed=23.7  wheelie=0.29 drift=0.08
[iter  1067] ts= 6,425,448  eplen= 1752T  rew=+3.129  start=0.98 completion=1.247 prog=+0.27  win=0  pool=7  speed=29.7  wheelie=0.08 drift=0.18
[iter  1068] ts= 6,429,924  eplen= 4476T  rew=+6.745  start=0.98 completion=1.784 prog=+0.81  win=1  pool=7  speed=32.2  wheelie=0.30 drift=0.08
[iter  1069] ts= 6,434,838  eplen= 4914T  rew=+6.614  start=0.98 completion=1.789 prog=+0.81  win=1  pool=7  speed=29.9  wheelie=0.34 drift=0.09
[iter  1070] ts= 6,442,164  eplen= 7326T  rew=+4.932  start=0.98 completion=1.789 prog=+0.81  win=1  pool=7  speed=19.2  wheelie=0.36 drift=0.06
[checkpoint] saved checkpoint_6442164.pt
[iter  1071] ts= 6,447,522  eplen= 5358T  rew=+6.489  start=0.98 completion=1.785 prog=+0.81  win=1  pool=7  speed=26.9  wheelie=0.33 drift=0.08
[iter  1072] ts= 6,452,178  eplen= 4656T  rew=+6.720  start=0.98 completion=1.791 prog=+0.81  win=1  pool=7  speed=31.3  wheelie=0.33 drift=0.08
[iter  1073] ts= 6,457,968  eplen= 5790T  rew=+6.287  start=0.98 completion=1.796 prog=+0.82  win=1  pool=7  speed=25.2  wheelie=0.32 drift=0.07
[iter  1074] ts= 6,462,528  eplen= 4560T  rew=+7.331  start=0.98 completion=1.802 prog=+0.82  win=1  pool=7  speed=32.4  wheelie=0.33 drift=0.09
[iter  1075] ts= 6,468,204  eplen= 5676T  rew=+4.707  start=0.98 completion=1.542 prog=+0.57  win=0  pool=7  speed=18.0  wheelie=0.33 drift=0.12
[iter  1076] ts= 6,472,350  eplen= 4146T  rew=+7.014  start=0.98 completion=1.798 prog=+0.82  win=1  pool=7  speed=34.2  wheelie=0.27 drift=0.06
[iter  1077] ts= 6,477,114  eplen= 4764T  rew=+6.455  start=0.98 completion=1.795 prog=+0.82  win=1  pool=7  speed=29.3  wheelie=0.30 drift=0.07
[iter  1078] ts= 6,481,578  eplen= 4464T  rew=+6.902  start=0.98 completion=1.798 prog=+0.82  win=1  pool=7  speed=32.2  wheelie=0.25 drift=0.09
[iter  1079] ts= 6,491,598  eplen=10020T  rew=+3.144  start=0.98 completion=1.776 prog=+0.80  win=1  pool=7  speed=14.5  wheelie=0.32 drift=0.06
[iter  1080] ts= 6,496,392  eplen= 4794T  rew=+6.584  start=0.98 completion=1.785 prog=+0.81  win=1  pool=7  speed=29.9  wheelie=0.20 drift=0.06
[iter  1081] ts= 6,504,816  eplen= 8424T  rew=+4.417  start=0.98 completion=1.788 prog=+0.81  win=1  pool=7  speed=17.1  wheelie=0.23 drift=0.06
[iter  1082] ts= 6,509,028  eplen= 4212T  rew=+7.706  start=0.98 completion=1.787 prog=+0.81  win=1  pool=7  speed=34.1  wheelie=0.13 drift=0.09
[iter  1083] ts= 6,515,064  eplen= 6036T  rew=+6.188  start=0.98 completion=1.797 prog=+0.82  win=0  pool=7  speed=23.5  wheelie=0.16 drift=0.06
[iter  1084] ts= 6,522,702  eplen= 7638T  rew=+4.633  start=0.98 completion=1.780 prog=+0.80  win=1  pool=7  speed=18.5  wheelie=0.21 drift=0.05
[iter  1085] ts= 6,528,948  eplen= 6246T  rew=+5.831  start=0.98 completion=1.785 prog=+0.81  win=1  pool=7  speed=23.3  wheelie=0.14 drift=0.06
[iter  1086] ts= 6,535,122  eplen= 6174T  rew=+6.936  start=0.98 completion=1.796 prog=+0.82  win=0  pool=7  speed=23.1  wheelie=0.16 drift=0.06
[iter  1087] ts= 6,543,558  eplen= 8436T  rew=+4.536  start=0.98 completion=1.791 prog=+0.81  win=0  pool=7  speed=16.7  wheelie=0.22 drift=0.06
[iter  1088] ts= 6,551,484  eplen= 7926T  rew=+5.972  start=0.98 completion=1.790 prog=+0.81  win=1  pool=7  speed=19.5  wheelie=0.23 drift=0.07
[iter  1089] ts= 6,557,604  eplen= 6120T  rew=+6.914  start=0.98 completion=1.803 prog=+0.83  win=1  pool=7  speed=25.5  wheelie=0.13 drift=0.06
[iter  1090] ts= 6,562,356  eplen= 4752T  rew=+7.362  start=0.98 completion=1.808 prog=+0.83  win=1  pool=7  speed=33.2  wheelie=0.17 drift=0.07
[iter  1091] ts= 6,567,438  eplen= 5082T  rew=+6.403  start=0.98 completion=1.795 prog=+0.82  win=1  pool=7  speed=28.6  wheelie=0.16 drift=0.06
[iter  1092] ts= 6,572,280  eplen= 4842T  rew=+6.784  start=0.98 completion=1.787 prog=+0.81  win=1  pool=7  speed=30.7  wheelie=0.19 drift=0.08
[iter  1093] ts= 6,579,600  eplen= 7320T  rew=+4.987  start=0.98 completion=1.797 prog=+0.82  win=0  pool=7  speed=19.8  wheelie=0.22 drift=0.06
[iter  1094] ts= 6,583,932  eplen= 4332T  rew=+6.920  start=0.98 completion=1.800 prog=+0.82  win=1  pool=7  speed=33.0  wheelie=0.20 drift=0.07
[iter  1095] ts= 6,588,450  eplen= 4518T  rew=+6.940  start=0.98 completion=1.793 prog=+0.82  win=1  pool=7  speed=29.8  wheelie=0.18 drift=0.07
[iter  1096] ts= 6,593,400  eplen= 4950T  rew=+6.285  start=0.98 completion=1.796 prog=+0.82  win=1  pool=7  speed=26.9  wheelie=0.18 drift=0.06
[iter  1097] ts= 6,598,404  eplen= 5004T  rew=+6.344  start=0.98 completion=1.778 prog=+0.80  win=1  pool=7  speed=26.7  wheelie=0.22 drift=0.06
[iter  1098] ts= 6,604,020  eplen= 5616T  rew=+5.957  start=0.98 completion=1.788 prog=+0.81  win=1  pool=7  speed=24.7  wheelie=0.19 drift=0.06
[iter  1099] ts= 6,609,936  eplen= 5916T  rew=+5.848  start=0.98 completion=1.791 prog=+0.81  win=1  pool=7  speed=24.3  wheelie=0.19 drift=0.06
[iter  1100] ts= 6,616,302  eplen= 6366T  rew=+5.861  start=0.98 completion=1.791 prog=+0.81  win=0  pool=7  speed=21.7  wheelie=0.21 drift=0.06
[iter  1101] ts= 6,620,748  eplen= 4446T  rew=+7.135  start=0.98 completion=1.796 prog=+0.82  win=1  pool=7  speed=31.7  wheelie=0.14 drift=0.08
[iter  1102] ts= 6,629,376  eplen= 8628T  rew=+4.038  start=0.98 completion=1.792 prog=+0.82  win=1  pool=7  speed=16.2  wheelie=0.25 drift=0.05
[iter  1103] ts= 6,634,050  eplen= 4674T  rew=+7.312  start=0.98 completion=1.775 prog=+0.80  win=1  pool=7  speed=31.9  wheelie=0.19 drift=0.09
[iter  1104] ts= 6,637,944  eplen= 3894T  rew=+7.113  start=0.98 completion=1.791 prog=+0.81  win=1  pool=7  speed=37.1  wheelie=0.19 drift=0.08
[iter  1105] ts= 6,643,674  eplen= 5730T  rew=+5.808  start=0.98 completion=1.821 prog=+0.84  win=1  pool=7  speed=24.4  wheelie=0.18 drift=0.06
[iter  1106] ts= 6,648,558  eplen= 4884T  rew=+7.368  start=0.98 completion=1.798 prog=+0.82  win=1  pool=7  speed=29.7  wheelie=0.14 drift=0.07
[iter  1107] ts= 6,654,804  eplen= 6246T  rew=+5.794  start=0.98 completion=1.810 prog=+0.83  win=1  pool=7  speed=22.9  wheelie=0.20 drift=0.09
[iter  1108] ts= 6,659,814  eplen= 5010T  rew=+6.257  start=0.98 completion=1.810 prog=+0.83  win=1  pool=7  speed=27.2  wheelie=0.13 drift=0.08
[iter  1109] ts= 6,664,308  eplen= 4494T  rew=+7.172  start=0.98 completion=1.807 prog=+0.83  win=1  pool=7  speed=31.7  wheelie=0.15 drift=0.05
[iter  1110] ts= 6,671,106  eplen= 6798T  rew=+5.518  start=0.98 completion=1.800 prog=+0.82  win=1  pool=7  speed=20.6  wheelie=0.18 drift=0.06
[iter  1111] ts= 6,675,552  eplen= 4446T  rew=+6.553  start=0.98 completion=1.792 prog=+0.81  win=1  pool=7  speed=30.9  wheelie=0.18 drift=0.06
[iter  1112] ts= 6,681,144  eplen= 5592T  rew=+6.474  start=0.98 completion=1.806 prog=+0.83  win=1  pool=7  speed=26.5  wheelie=0.20 drift=0.08
[iter  1113] ts= 6,685,614  eplen= 4470T  rew=+7.108  start=0.98 completion=1.796 prog=+0.82  win=1  pool=7  speed=31.8  wheelie=0.22 drift=0.08
[iter  1114] ts= 6,689,940  eplen= 4326T  rew=+6.735  start=0.98 completion=1.695 prog=+0.72  win=0  pool=7  speed=30.1  wheelie=0.22 drift=0.10
[iter  1115] ts= 6,695,136  eplen= 5196T  rew=+6.345  start=0.98 completion=1.788 prog=+0.81  win=1  pool=7  speed=26.5  wheelie=0.23 drift=0.08
[iter  1116] ts= 6,700,104  eplen= 4968T  rew=+6.228  start=0.98 completion=1.794 prog=+0.82  win=1  pool=7  speed=27.5  wheelie=0.24 drift=0.08
[iter  1117] ts= 6,710,694  eplen=10590T  rew=+3.121  start=0.98 completion=1.791 prog=+0.81  win=1  pool=7  speed=14.2  wheelie=0.28 drift=0.07
[iter  1118] ts= 6,716,580  eplen= 5886T  rew=+6.039  start=0.98 completion=1.795 prog=+0.82  win=1  pool=7  speed=23.1  wheelie=0.23 drift=0.06
[iter  1119] ts= 6,722,028  eplen= 5448T  rew=+6.407  start=0.98 completion=1.795 prog=+0.82  win=1  pool=7  speed=25.8  wheelie=0.26 drift=0.08
[iter  1120] ts= 6,726,042  eplen= 4014T  rew=+7.176  start=0.98 completion=1.801 prog=+0.82  win=1  pool=7  speed=36.4  wheelie=0.21 drift=0.08
[iter  1121] ts= 6,730,686  eplen= 4644T  rew=+6.932  start=0.98 completion=1.810 prog=+0.83  win=1  pool=7  speed=32.7  wheelie=0.21 drift=0.08
[iter  1122] ts= 6,735,270  eplen= 4584T  rew=+6.507  start=0.98 completion=1.795 prog=+0.82  win=1  pool=7  speed=30.0  wheelie=0.25 drift=0.08
[iter  1123] ts= 6,739,698  eplen= 4428T  rew=+6.922  start=0.98 completion=1.791 prog=+0.81  win=1  pool=7  speed=33.8  wheelie=0.21 drift=0.09
[iter  1124] ts= 6,744,624  eplen= 4926T  rew=+6.900  start=0.98 completion=1.790 prog=+0.81  win=1  pool=7  speed=30.8  wheelie=0.22 drift=0.10
[iter  1125] ts= 6,749,112  eplen= 4488T  rew=+7.066  start=0.98 completion=1.780 prog=+0.80  win=1  pool=7  speed=33.1  wheelie=0.23 drift=0.09
[iter  1126] ts= 6,753,246  eplen= 4134T  rew=+7.161  start=0.98 completion=1.801 prog=+0.82  win=0  pool=7  speed=35.2  wheelie=0.19 drift=0.08
[iter  1127] ts= 6,758,490  eplen= 5244T  rew=+6.338  start=0.98 completion=1.790 prog=+0.81  win=1  pool=7  speed=26.7  wheelie=0.18 drift=0.07
[iter  1128] ts= 6,762,726  eplen= 4236T  rew=+5.174  start=0.98 completion=1.578 prog=+0.60  win=0  pool=7  speed=26.2  wheelie=0.16 drift=0.24
[iter  1129] ts= 6,767,526  eplen= 4800T  rew=+6.903  start=0.98 completion=1.798 prog=+0.82  win=1  pool=7  speed=31.9  wheelie=0.18 drift=0.10
[iter  1130] ts= 6,771,864  eplen= 4338T  rew=+7.466  start=0.98 completion=1.789 prog=+0.81  win=0  pool=7  speed=32.8  wheelie=0.16 drift=0.11
[iter  1131] ts= 6,777,210  eplen= 5346T  rew=+6.566  start=0.98 completion=1.800 prog=+0.82  win=1  pool=7  speed=29.8  wheelie=0.21 drift=0.11
[iter  1132] ts= 6,783,480  eplen= 6270T  rew=+5.829  start=0.98 completion=1.802 prog=+0.82  win=1  pool=7  speed=24.2  wheelie=0.23 drift=0.09
[iter  1133] ts= 6,788,310  eplen= 4830T  rew=+6.781  start=0.98 completion=1.817 prog=+0.84  win=1  pool=7  speed=31.6  wheelie=0.21 drift=0.09
[iter  1134] ts= 6,794,790  eplen= 6480T  rew=+5.617  start=0.98 completion=1.799 prog=+0.82  win=0  pool=7  speed=22.6  wheelie=0.25 drift=0.10
[iter  1135] ts= 6,801,504  eplen= 6714T  rew=+6.185  start=0.98 completion=1.679 prog=+0.70  win=0  pool=7  speed=20.8  wheelie=0.23 drift=0.10
[iter  1136] ts= 6,808,122  eplen= 6618T  rew=+7.596  start=0.98 completion=1.805 prog=+0.83  win=1  pool=7  speed=22.9  wheelie=0.20 drift=0.07
[iter  1137] ts= 6,814,158  eplen= 6036T  rew=+6.339  start=0.98 completion=1.806 prog=+0.83  win=1  pool=7  speed=25.9  wheelie=0.17 drift=0.07
[iter  1138] ts= 6,819,102  eplen= 4944T  rew=+7.122  start=0.98 completion=1.809 prog=+0.83  win=1  pool=7  speed=32.0  wheelie=0.18 drift=0.09
[iter  1139] ts= 6,824,460  eplen= 5358T  rew=+7.591  start=0.98 completion=1.802 prog=+0.82  win=1  pool=7  speed=27.9  wheelie=0.16 drift=0.08
[iter  1140] ts= 6,829,620  eplen= 5160T  rew=+6.933  start=0.98 completion=1.831 prog=+0.85  win=1  pool=7  speed=31.6  wheelie=0.17 drift=0.08
[iter  1141] ts= 6,834,768  eplen= 5148T  rew=+6.931  start=0.98 completion=1.811 prog=+0.83  win=0  pool=7  speed=27.2  wheelie=0.13 drift=0.07
[iter  1142] ts= 6,840,648  eplen= 5880T  rew=+4.788  start=0.98 completion=1.662 prog=+0.68  win=1  pool=7  speed=20.7  wheelie=0.14 drift=0.07
[iter  1143] ts= 6,847,098  eplen= 6450T  rew=+4.279  start=0.98 completion=1.665 prog=+0.69  win=1  pool=7  speed=18.5  wheelie=0.14 drift=0.07
[checkpoint] saved checkpoint_6847098.pt
[iter  1144] ts= 6,852,630  eplen= 5532T  rew=+7.096  start=0.98 completion=1.811 prog=+0.83  win=1  pool=7  speed=27.0  wheelie=0.12 drift=0.06
[iter  1145] ts= 6,857,214  eplen= 4584T  rew=+7.061  start=0.98 completion=1.813 prog=+0.84  win=1  pool=7  speed=32.0  wheelie=0.12 drift=0.07
[iter  1146] ts= 6,863,142  eplen= 5928T  rew=+7.336  start=0.98 completion=1.822 prog=+0.84  win=1  pool=7  speed=24.6  wheelie=0.12 drift=0.07
[iter  1147] ts= 6,867,618  eplen= 4476T  rew=+5.534  start=0.98 completion=1.670 prog=+0.69  win=1  pool=7  speed=26.8  wheelie=0.09 drift=0.10
[iter  1148] ts= 6,873,408  eplen= 5790T  rew=+5.992  start=0.98 completion=1.809 prog=+0.83  win=1  pool=7  speed=24.3  wheelie=0.10 drift=0.05
[iter  1149] ts= 6,877,980  eplen= 4572T  rew=+7.175  start=0.98 completion=1.812 prog=+0.83  win=0  pool=7  speed=31.2  wheelie=0.09 drift=0.07
[iter  1150] ts= 6,882,408  eplen= 4428T  rew=+6.968  start=0.98 completion=1.801 prog=+0.82  win=1  pool=7  speed=31.2  wheelie=0.14 drift=0.10
[iter  1151] ts= 6,888,342  eplen= 5934T  rew=+5.794  start=0.98 completion=1.803 prog=+0.83  win=1  pool=7  speed=23.8  wheelie=0.16 drift=0.06
[iter  1152] ts= 6,892,254  eplen= 3912T  rew=+7.229  start=0.98 completion=1.797 prog=+0.82  win=1  pool=7  speed=34.9  wheelie=0.12 drift=0.09
[iter  1153] ts= 6,896,418  eplen= 4164T  rew=+7.076  start=0.98 completion=1.801 prog=+0.82  win=1  pool=7  speed=34.1  wheelie=0.14 drift=0.08
[iter  1154] ts= 6,902,784  eplen= 6366T  rew=+5.365  start=0.98 completion=1.801 prog=+0.82  win=1  pool=7  speed=21.6  wheelie=0.22 drift=0.09
[iter  1155] ts= 6,908,520  eplen= 5736T  rew=+7.600  start=0.98 completion=1.797 prog=+0.82  win=0  pool=7  speed=25.6  wheelie=0.19 drift=0.07
[iter  1156] ts= 6,912,534  eplen= 4014T  rew=+7.189  start=0.98 completion=1.816 prog=+0.84  win=1  pool=7  speed=37.5  wheelie=0.20 drift=0.11
[iter  1157] ts= 6,916,368  eplen= 3834T  rew=+7.048  start=0.98 completion=1.794 prog=+0.82  win=1  pool=7  speed=36.9  wheelie=0.18 drift=0.12
[iter  1158] ts= 6,920,592  eplen= 4224T  rew=+6.904  start=0.98 completion=1.798 prog=+0.82  win=0  pool=7  speed=34.1  wheelie=0.13 drift=0.09
[iter  1159] ts= 6,924,576  eplen= 3984T  rew=+6.944  start=0.98 completion=1.804 prog=+0.83  win=1  pool=7  speed=34.6  wheelie=0.10 drift=0.08
[iter  1160] ts= 6,929,028  eplen= 4452T  rew=+6.677  start=0.98 completion=1.801 prog=+0.82  win=1  pool=7  speed=32.3  wheelie=0.13 drift=0.10
[iter  1161] ts= 6,933,654  eplen= 4626T  rew=+5.753  start=0.98 completion=1.692 prog=+0.72  win=1  pool=7  speed=27.5  wheelie=0.16 drift=0.09
[iter  1162] ts= 6,937,890  eplen= 4236T  rew=+7.018  start=0.98 completion=1.805 prog=+0.83  win=1  pool=7  speed=33.9  wheelie=0.15 drift=0.14
[iter  1163] ts= 6,941,712  eplen= 3822T  rew=+7.082  start=0.98 completion=1.807 prog=+0.83  win=1  pool=7  speed=35.4  wheelie=0.16 drift=0.09
[iter  1164] ts= 6,949,524  eplen= 7812T  rew=+4.989  start=0.98 completion=1.802 prog=+0.83  win=1  pool=7  speed=18.8  wheelie=0.23 drift=0.08
[iter  1165] ts= 6,954,816  eplen= 5292T  rew=+6.984  start=0.98 completion=1.803 prog=+0.83  win=0  pool=7  speed=25.5  wheelie=0.19 drift=0.06
[iter  1166] ts= 6,961,626  eplen= 6810T  rew=+5.326  start=0.98 completion=1.799 prog=+0.82  win=1  pool=7  speed=21.0  wheelie=0.29 drift=0.08
[iter  1167] ts= 6,967,686  eplen= 6060T  rew=+5.876  start=0.98 completion=1.812 prog=+0.83  win=1  pool=7  speed=24.4  wheelie=0.29 drift=0.08
[iter  1168] ts= 6,972,546  eplen= 4860T  rew=+6.797  start=0.98 completion=1.685 prog=+0.71  win=0  pool=7  speed=25.6  wheelie=0.24 drift=0.14
[iter  1169] ts= 6,976,962  eplen= 4416T  rew=+7.037  start=0.98 completion=1.812 prog=+0.83  win=1  pool=7  speed=33.4  wheelie=0.23 drift=0.08
[iter  1170] ts= 6,981,486  eplen= 4524T  rew=+6.776  start=0.98 completion=1.801 prog=+0.82  win=0  pool=7  speed=30.4  wheelie=0.27 drift=0.09
[iter  1171] ts= 6,986,334  eplen= 4848T  rew=+6.279  start=0.98 completion=1.796 prog=+0.82  win=1  pool=7  speed=27.5  wheelie=0.33 drift=0.09
[iter  1172] ts= 6,991,014  eplen= 4680T  rew=+6.546  start=0.98 completion=1.804 prog=+0.83  win=1  pool=7  speed=28.9  wheelie=0.27 drift=0.09
[iter  1173] ts= 6,995,118  eplen= 4104T  rew=+6.859  start=0.98 completion=1.804 prog=+0.83  win=1  pool=7  speed=33.7  wheelie=0.27 drift=0.10
[iter  1174] ts= 6,999,576  eplen= 4458T  rew=+7.130  start=0.98 completion=1.795 prog=+0.82  win=1  pool=7  speed=30.5  wheelie=0.38 drift=0.11
[iter  1175] ts= 7,006,392  eplen= 6816T  rew=+5.330  start=0.98 completion=1.796 prog=+0.82  win=1  pool=7  speed=21.5  wheelie=0.42 drift=0.08
[iter  1176] ts= 7,010,478  eplen= 4086T  rew=+7.541  start=0.98 completion=1.809 prog=+0.83  win=1  pool=7  speed=33.9  wheelie=0.33 drift=0.09
[iter  1177] ts= 7,016,106  eplen= 5628T  rew=+5.839  start=0.98 completion=1.788 prog=+0.81  win=1  pool=7  speed=24.6  wheelie=0.42 drift=0.07
[iter  1178] ts= 7,021,338  eplen= 5232T  rew=+6.241  start=0.98 completion=1.831 prog=+0.85  win=1  pool=7  speed=27.1  wheelie=0.39 drift=0.08
[selfplay] pushed snapshot (pool=8)
[iter  1179] ts= 7,026,180  eplen= 4842T  rew=+6.547  start=0.98 completion=1.802 prog=+0.83  win=1  pool=8  speed=28.0  wheelie=0.42 drift=0.08
[iter  1180] ts= 7,032,126  eplen= 5946T  rew=+5.998  start=0.98 completion=1.811 prog=+0.83  win=1  pool=8  speed=24.6  wheelie=0.42 drift=0.07
[iter  1181] ts= 7,036,854  eplen= 4728T  rew=+5.889  start=0.98 completion=1.679 prog=+0.70  win=0  pool=8  speed=24.1  wheelie=0.39 drift=0.09
[iter  1182] ts= 7,042,068  eplen= 5214T  rew=+7.073  start=0.98 completion=1.815 prog=+0.84  win=1  pool=8  speed=28.5  wheelie=0.32 drift=0.07
[iter  1183] ts= 7,046,502  eplen= 4434T  rew=+7.012  start=0.98 completion=1.816 prog=+0.84  win=1  pool=8  speed=33.7  wheelie=0.35 drift=0.08
[iter  1184] ts= 7,052,040  eplen= 5538T  rew=+6.596  start=0.98 completion=1.793 prog=+0.82  win=1  pool=8  speed=26.8  wheelie=0.33 drift=0.08
[iter  1185] ts= 7,057,848  eplen= 5808T  rew=+6.326  start=0.98 completion=1.799 prog=+0.82  win=1  pool=8  speed=23.7  wheelie=0.33 drift=0.08
[iter  1186] ts= 7,062,480  eplen= 4632T  rew=+6.718  start=0.98 completion=1.809 prog=+0.83  win=1  pool=8  speed=31.3  wheelie=0.32 drift=0.08
[iter  1187] ts= 7,066,446  eplen= 3966T  rew=+6.970  start=0.98 completion=1.803 prog=+0.83  win=1  pool=8  speed=32.5  wheelie=0.34 drift=0.11
[iter  1188] ts= 7,073,298  eplen= 6852T  rew=+4.940  start=0.98 completion=1.803 prog=+0.83  win=1  pool=8  speed=19.0  wheelie=0.38 drift=0.08
[iter  1189] ts= 7,082,886  eplen= 9588T  rew=+4.700  start=0.98 completion=1.804 prog=+0.83  win=1  pool=8  speed=15.6  wheelie=0.47 drift=0.05
[iter  1190] ts= 7,087,062  eplen= 4176T  rew=+6.689  start=0.98 completion=1.806 prog=+0.83  win=1  pool=8  speed=32.3  wheelie=0.37 drift=0.08
[iter  1191] ts= 7,092,744  eplen= 5682T  rew=+6.086  start=0.98 completion=1.807 prog=+0.83  win=1  pool=8  speed=26.5  wheelie=0.35 drift=0.07
[iter  1192] ts= 7,097,508  eplen= 4764T  rew=+7.235  start=0.98 completion=1.802 prog=+0.82  win=1  pool=8  speed=30.5  wheelie=0.34 drift=0.06
[iter  1193] ts= 7,104,798  eplen= 7290T  rew=+5.242  start=0.98 completion=1.805 prog=+0.83  win=1  pool=8  speed=20.2  wheelie=0.40 drift=0.05
[iter  1194] ts= 7,111,086  eplen= 6288T  rew=+6.905  start=0.98 completion=1.805 prog=+0.83  win=1  pool=8  speed=23.3  wheelie=0.34 drift=0.07
[iter  1195] ts= 7,115,358  eplen= 4272T  rew=+6.894  start=0.98 completion=1.810 prog=+0.83  win=1  pool=8  speed=32.9  wheelie=0.40 drift=0.09
[iter  1196] ts= 7,120,416  eplen= 5058T  rew=+5.505  start=0.98 completion=1.656 prog=+0.68  win=1  pool=8  speed=21.9  wheelie=0.39 drift=0.08
[iter  1197] ts= 7,128,528  eplen= 8112T  rew=+3.930  start=0.98 completion=1.593 prog=+0.62  win=0  pool=8  speed=11.8  wheelie=0.46 drift=0.07
[iter  1198] ts= 7,132,578  eplen= 4050T  rew=+6.673  start=0.98 completion=1.789 prog=+0.81  win=1  pool=8  speed=32.5  wheelie=0.40 drift=0.09
[iter  1199] ts= 7,138,224  eplen= 5646T  rew=+6.062  start=0.98 completion=1.804 prog=+0.83  win=1  pool=8  speed=24.8  wheelie=0.44 drift=0.06
[iter  1200] ts= 7,144,140  eplen= 5916T  rew=+5.732  start=0.98 completion=1.798 prog=+0.82  win=0  pool=8  speed=22.7  wheelie=0.49 drift=0.07
[iter  1201] ts= 7,148,274  eplen= 4134T  rew=+6.907  start=0.98 completion=1.797 prog=+0.82  win=1  pool=8  speed=33.6  wheelie=0.43 drift=0.07
[iter  1202] ts= 7,152,486  eplen= 4212T  rew=+7.092  start=0.98 completion=1.806 prog=+0.83  win=1  pool=8  speed=33.7  wheelie=0.48 drift=0.10
[iter  1203] ts= 7,157,424  eplen= 4938T  rew=+6.408  start=0.98 completion=1.800 prog=+0.82  win=1  pool=8  speed=27.7  wheelie=0.50 drift=0.07
[iter  1204] ts= 7,163,778  eplen= 6354T  rew=+4.209  start=0.98 completion=1.481 prog=+0.50  win=0  pool=8  speed=13.4  wheelie=0.40 drift=0.07
[iter  1205] ts= 7,171,254  eplen= 7476T  rew=+6.089  start=0.98 completion=1.812 prog=+0.83  win=1  pool=8  speed=19.9  wheelie=0.53 drift=0.05
[iter  1206] ts= 7,175,988  eplen= 4734T  rew=+6.988  start=0.98 completion=1.799 prog=+0.82  win=1  pool=8  speed=29.0  wheelie=0.54 drift=0.07
[iter  1207] ts= 7,184,544  eplen= 8556T  rew=+5.710  start=0.98 completion=1.803 prog=+0.83  win=1  pool=8  speed=17.6  wheelie=0.60 drift=0.06
[iter  1208] ts= 7,190,466  eplen= 5922T  rew=+6.551  start=0.98 completion=1.685 prog=+0.71  win=0  pool=8  speed=20.7  wheelie=0.50 drift=0.08
[iter  1209] ts= 7,197,642  eplen= 7176T  rew=+6.910  start=0.98 completion=1.796 prog=+0.82  win=1  pool=8  speed=20.5  wheelie=0.52 drift=0.07
[iter  1210] ts= 7,202,820  eplen= 5178T  rew=+7.515  start=0.98 completion=1.799 prog=+0.82  win=1  pool=8  speed=27.7  wheelie=0.56 drift=0.04
[iter  1211] ts= 7,207,866  eplen= 5046T  rew=+6.644  start=0.98 completion=1.808 prog=+0.83  win=1  pool=8  speed=28.1  wheelie=0.50 drift=0.07
[iter  1212] ts= 7,213,272  eplen= 5406T  rew=+5.379  start=0.98 completion=1.643 prog=+0.67  win=1  pool=8  speed=21.9  wheelie=0.52 drift=0.07
[iter  1213] ts= 7,217,298  eplen= 4026T  rew=+6.829  start=0.98 completion=1.802 prog=+0.82  win=1  pool=8  speed=32.7  wheelie=0.45 drift=0.09
[iter  1214] ts= 7,224,336  eplen= 7038T  rew=+5.008  start=0.98 completion=1.793 prog=+0.82  win=1  pool=8  speed=19.4  wheelie=0.47 drift=0.07
[iter  1215] ts= 7,228,620  eplen= 4284T  rew=+6.381  start=0.98 completion=1.795 prog=+0.82  win=1  pool=8  speed=29.4  wheelie=0.44 drift=0.08
[iter  1216] ts= 7,232,580  eplen= 3960T  rew=+7.232  start=0.98 completion=1.794 prog=+0.82  win=1  pool=8  speed=35.5  wheelie=0.45 drift=0.11
[iter  1217] ts= 7,237,116  eplen= 4536T  rew=+6.695  start=0.98 completion=1.806 prog=+0.83  win=1  pool=8  speed=30.3  wheelie=0.48 drift=0.08
[iter  1218] ts= 7,240,818  eplen= 3702T  rew=+6.891  start=0.98 completion=1.791 prog=+0.81  win=1  pool=8  speed=35.1  wheelie=0.47 drift=0.11
[iter  1219] ts= 7,247,424  eplen= 6606T  rew=+5.963  start=0.98 completion=1.792 prog=+0.81  win=1  pool=8  speed=20.3  wheelie=0.46 drift=0.08
[checkpoint] saved checkpoint_7247424.pt
[iter  1220] ts= 7,251,078  eplen= 3654T  rew=+7.060  start=0.98 completion=1.797 prog=+0.82  win=1  pool=8  speed=36.2  wheelie=0.44 drift=0.11
[iter  1221] ts= 7,252,908  eplen= 1830T  rew=+1.781  start=0.98 completion=1.093 prog=+0.12  win=0  pool=8  speed=13.6  wheelie=0.40 drift=0.00
[iter  1222] ts= 7,256,928  eplen= 4020T  rew=+7.145  start=0.98 completion=1.793 prog=+0.82  win=1  pool=8  speed=33.6  wheelie=0.46 drift=0.09
[iter  1223] ts= 7,260,762  eplen= 3834T  rew=+6.954  start=0.98 completion=1.786 prog=+0.81  win=0  pool=8  speed=34.2  wheelie=0.51 drift=0.11
[iter  1224] ts= 7,265,568  eplen= 4806T  rew=+6.072  start=0.98 completion=1.798 prog=+0.82  win=1  pool=8  speed=25.0  wheelie=0.43 drift=0.09
[iter  1225] ts= 7,271,388  eplen= 5820T  rew=+6.365  start=0.98 completion=1.790 prog=+0.81  win=0  pool=8  speed=22.2  wheelie=0.45 drift=0.07
[iter  1226] ts= 7,277,550  eplen= 6162T  rew=+5.514  start=0.98 completion=1.807 prog=+0.83  win=1  pool=8  speed=21.5  wheelie=0.46 drift=0.08
[iter  1227] ts= 7,281,504  eplen= 3954T  rew=+6.905  start=0.98 completion=1.792 prog=+0.81  win=1  pool=8  speed=35.0  wheelie=0.43 drift=0.13
[iter  1228] ts= 7,286,538  eplen= 5034T  rew=+6.366  start=0.98 completion=1.610 prog=+0.63  win=0  pool=8  speed=22.8  wheelie=0.40 drift=0.13
[iter  1229] ts= 7,290,942  eplen= 4404T  rew=+6.895  start=0.98 completion=1.811 prog=+0.83  win=1  pool=8  speed=32.2  wheelie=0.48 drift=0.08
[iter  1230] ts= 7,295,274  eplen= 4332T  rew=+7.090  start=0.98 completion=1.801 prog=+0.82  win=1  pool=8  speed=31.7  wheelie=0.47 drift=0.10
[iter  1231] ts= 7,299,582  eplen= 4308T  rew=+7.478  start=0.98 completion=1.805 prog=+0.83  win=0  pool=8  speed=34.6  wheelie=0.42 drift=0.09
[iter  1232] ts= 7,303,686  eplen= 4104T  rew=+7.001  start=0.98 completion=1.797 prog=+0.82  win=1  pool=8  speed=33.4  wheelie=0.47 drift=0.07
[iter  1233] ts= 7,307,574  eplen= 3888T  rew=+7.216  start=0.98 completion=1.805 prog=+0.83  win=0  pool=8  speed=37.0  wheelie=0.42 drift=0.11
[iter  1234] ts= 7,311,708  eplen= 4134T  rew=+6.487  start=0.98 completion=1.780 prog=+0.80  win=1  pool=8  speed=31.4  wheelie=0.42 drift=0.10
[iter  1235] ts= 7,318,032  eplen= 6324T  rew=+5.322  start=0.98 completion=1.808 prog=+0.83  win=1  pool=8  speed=21.5  wheelie=0.38 drift=0.08
[iter  1236] ts= 7,323,036  eplen= 5004T  rew=+5.672  start=0.98 completion=1.683 prog=+0.71  win=1  pool=8  speed=25.9  wheelie=0.37 drift=0.12
[iter  1237] ts= 7,327,374  eplen= 4338T  rew=+7.280  start=0.98 completion=1.815 prog=+0.84  win=1  pool=8  speed=35.7  wheelie=0.40 drift=0.12
[iter  1238] ts= 7,331,664  eplen= 4290T  rew=+6.926  start=0.98 completion=1.802 prog=+0.82  win=1  pool=8  speed=32.7  wheelie=0.43 drift=0.08
[iter  1239] ts= 7,335,318  eplen= 3654T  rew=+7.461  start=0.98 completion=1.785 prog=+0.81  win=0  pool=8  speed=37.9  wheelie=0.41 drift=0.09
[iter  1240] ts= 7,340,394  eplen= 5076T  rew=+1.568  start=0.98 completion=1.291 prog=+0.31  win=0  pool=8  speed=9.2  wheelie=0.17 drift=0.11
[iter  1241] ts= 7,345,866  eplen= 5472T  rew=+6.110  start=0.98 completion=1.813 prog=+0.84  win=1  pool=8  speed=25.1  wheelie=0.41 drift=0.08
[iter  1242] ts= 7,353,384  eplen= 7518T  rew=+6.418  start=0.98 completion=1.812 prog=+0.83  win=1  pool=8  speed=23.7  wheelie=0.33 drift=0.18
[iter  1243] ts= 7,359,486  eplen= 6102T  rew=+6.844  start=0.98 completion=1.689 prog=+0.71  win=0  pool=8  speed=20.3  wheelie=0.31 drift=0.04
[iter  1244] ts= 7,364,964  eplen= 5478T  rew=+7.977  start=0.98 completion=1.800 prog=+0.82  win=0  pool=8  speed=27.5  wheelie=0.30 drift=0.09
[iter  1245] ts= 7,370,448  eplen= 5484T  rew=+6.050  start=0.98 completion=1.827 prog=+0.85  win=1  pool=8  speed=26.7  wheelie=0.35 drift=0.07
[iter  1246] ts= 7,375,422  eplen= 4974T  rew=+6.263  start=0.98 completion=1.807 prog=+0.83  win=1  pool=8  speed=28.8  wheelie=0.32 drift=0.08
[iter  1247] ts= 7,380,096  eplen= 4674T  rew=+6.833  start=0.98 completion=1.800 prog=+0.82  win=1  pool=8  speed=31.0  wheelie=0.37 drift=0.08
[iter  1248] ts= 7,385,022  eplen= 4926T  rew=+7.524  start=0.98 completion=1.802 prog=+0.82  win=0  pool=8  speed=28.8  wheelie=0.35 drift=0.07
[iter  1249] ts= 7,389,174  eplen= 4152T  rew=+7.596  start=0.98 completion=1.810 prog=+0.83  win=1  pool=8  speed=35.2  wheelie=0.34 drift=0.10
[iter  1250] ts= 7,393,890  eplen= 4716T  rew=+3.131  start=0.98 completion=1.261 prog=+0.28  win=0  pool=8  speed=15.2  wheelie=0.20 drift=0.15
[iter  1251] ts= 7,398,090  eplen= 4200T  rew=+6.852  start=0.98 completion=1.792 prog=+0.81  win=0  pool=8  speed=31.8  wheelie=0.34 drift=0.08
[iter  1252] ts= 7,402,644  eplen= 4554T  rew=+6.913  start=0.98 completion=1.825 prog=+0.85  win=1  pool=8  speed=33.0  wheelie=0.33 drift=0.09
[iter  1253] ts= 7,407,912  eplen= 5268T  rew=+6.420  start=0.98 completion=1.811 prog=+0.83  win=1  pool=8  speed=27.9  wheelie=0.28 drift=0.07
[iter  1254] ts= 7,413,144  eplen= 5232T  rew=+7.360  start=0.98 completion=1.820 prog=+0.84  win=1  pool=8  speed=29.6  wheelie=0.26 drift=0.09
[iter  1255] ts= 7,417,284  eplen= 4140T  rew=+7.385  start=0.98 completion=1.804 prog=+0.83  win=1  pool=8  speed=35.3  wheelie=0.26 drift=0.10
[iter  1256] ts= 7,422,138  eplen= 4854T  rew=+6.244  start=0.98 completion=1.761 prog=+0.78  win=1  pool=8  speed=28.7  wheelie=0.24 drift=0.09
[iter  1257] ts= 7,430,382  eplen= 8244T  rew=+10.202  start=0.98 completion=2.323 prog=+1.35  win=1  pool=8  speed=28.5  wheelie=0.26 drift=0.08
[iter  1258] ts= 7,435,746  eplen= 5364T  rew=+7.264  start=0.98 completion=1.811 prog=+0.83  win=1  pool=8  speed=27.4  wheelie=0.24 drift=0.06
[iter  1259] ts= 7,439,904  eplen= 4158T  rew=+7.473  start=0.98 completion=1.808 prog=+0.83  win=0  pool=8  speed=34.7  wheelie=0.25 drift=0.07
[iter  1260] ts= 7,444,644  eplen= 4740T  rew=+7.674  start=0.98 completion=1.809 prog=+0.83  win=0  pool=8  speed=30.4  wheelie=0.24 drift=0.07
[iter  1261] ts= 7,450,128  eplen= 5484T  rew=+6.856  start=0.98 completion=1.813 prog=+0.84  win=1  pool=8  speed=26.3  wheelie=0.22 drift=0.08
[iter  1262] ts= 7,453,896  eplen= 3768T  rew=+7.595  start=0.98 completion=1.848 prog=+0.87  win=1  pool=8  speed=42.6  wheelie=0.26 drift=0.10
[iter  1263] ts= 7,458,534  eplen= 4638T  rew=+6.804  start=0.98 completion=1.804 prog=+0.83  win=1  pool=8  speed=29.4  wheelie=0.23 drift=0.07
[iter  1264] ts= 7,463,304  eplen= 4770T  rew=+6.272  start=0.98 completion=1.819 prog=+0.84  win=1  pool=8  speed=27.4  wheelie=0.22 drift=0.07
[iter  1265] ts= 7,470,342  eplen= 7038T  rew=+5.182  start=0.98 completion=1.821 prog=+0.84  win=1  pool=8  speed=20.8  wheelie=0.23 drift=0.07
[iter  1266] ts= 7,476,186  eplen= 5844T  rew=+6.271  start=0.98 completion=1.802 prog=+0.82  win=1  pool=8  speed=24.1  wheelie=0.30 drift=0.07
[iter  1267] ts= 7,479,444  eplen= 3258T  rew=+7.607  start=0.98 completion=1.819 prog=+0.84  win=1  pool=8  speed=42.7  wheelie=0.26 drift=0.10
[iter  1268] ts= 7,483,494  eplen= 4050T  rew=+6.849  start=0.98 completion=1.819 prog=+0.84  win=1  pool=8  speed=34.0  wheelie=0.26 drift=0.09
[iter  1269] ts= 7,488,210  eplen= 4716T  rew=+7.937  start=0.98 completion=1.811 prog=+0.83  win=0  pool=8  speed=30.5  wheelie=0.26 drift=0.07
[iter  1270] ts= 7,493,046  eplen= 4836T  rew=+7.269  start=0.98 completion=1.799 prog=+0.82  win=0  pool=8  speed=30.1  wheelie=0.25 drift=0.08
[iter  1271] ts= 7,498,008  eplen= 4962T  rew=+6.582  start=0.98 completion=1.808 prog=+0.83  win=1  pool=8  speed=28.2  wheelie=0.23 drift=0.09
[iter  1272] ts= 7,502,808  eplen= 4800T  rew=+6.516  start=0.98 completion=1.819 prog=+0.84  win=1  pool=8  speed=30.9  wheelie=0.24 drift=0.16
[iter  1273] ts= 7,508,190  eplen= 5382T  rew=+6.906  start=0.98 completion=1.825 prog=+0.85  win=1  pool=8  speed=27.8  wheelie=0.23 drift=0.08
[iter  1274] ts= 7,512,984  eplen= 4794T  rew=+6.371  start=0.98 completion=1.815 prog=+0.84  win=1  pool=8  speed=27.9  wheelie=0.27 drift=0.08
[iter  1275] ts= 7,516,812  eplen= 3828T  rew=+7.017  start=0.98 completion=1.810 prog=+0.83  win=1  pool=8  speed=34.5  wheelie=0.22 drift=0.09
[iter  1276] ts= 7,521,606  eplen= 4794T  rew=+6.429  start=0.98 completion=1.818 prog=+0.84  win=1  pool=8  speed=27.7  wheelie=0.24 drift=0.08
[iter  1277] ts= 7,526,556  eplen= 4950T  rew=+5.609  start=0.98 completion=1.769 prog=+0.79  win=1  pool=8  speed=24.3  wheelie=0.22 drift=0.08
[iter  1278] ts= 7,530,660  eplen= 4104T  rew=+6.895  start=0.98 completion=1.803 prog=+0.83  win=1  pool=8  speed=32.9  wheelie=0.21 drift=0.11
[iter  1279] ts= 7,534,992  eplen= 4332T  rew=+5.491  start=0.98 completion=1.683 prog=+0.71  win=1  pool=8  speed=27.5  wheelie=0.23 drift=0.09
[iter  1280] ts= 7,539,072  eplen= 4080T  rew=+6.909  start=0.98 completion=1.729 prog=+0.75  win=1  pool=8  speed=34.0  wheelie=0.23 drift=0.10
[iter  1281] ts= 7,543,536  eplen= 4464T  rew=+6.910  start=0.98 completion=1.831 prog=+0.85  win=1  pool=8  speed=31.7  wheelie=0.22 drift=0.10
[iter  1282] ts= 7,550,508  eplen= 6972T  rew=+7.175  start=0.98 completion=1.802 prog=+0.83  win=0  pool=8  speed=19.4  wheelie=0.26 drift=0.06
[iter  1283] ts= 7,554,198  eplen= 3690T  rew=+7.521  start=0.98 completion=1.814 prog=+0.84  win=1  pool=8  speed=37.2  wheelie=0.21 drift=0.10
[iter  1284] ts= 7,557,984  eplen= 3786T  rew=+7.677  start=0.98 completion=1.821 prog=+0.84  win=1  pool=8  speed=39.8  wheelie=0.25 drift=0.11
[iter  1285] ts= 7,561,938  eplen= 3954T  rew=+7.204  start=0.98 completion=1.819 prog=+0.84  win=1  pool=8  speed=36.5  wheelie=0.21 drift=0.10
[iter  1286] ts= 7,566,042  eplen= 4104T  rew=+6.726  start=0.98 completion=1.752 prog=+0.77  win=1  pool=8  speed=30.8  wheelie=0.19 drift=0.11
[iter  1287] ts= 7,571,892  eplen= 5850T  rew=+5.871  start=0.98 completion=1.810 prog=+0.83  win=1  pool=8  speed=23.6  wheelie=0.24 drift=0.06
[iter  1288] ts= 7,576,704  eplen= 4812T  rew=+6.441  start=0.98 completion=1.826 prog=+0.85  win=1  pool=8  speed=29.3  wheelie=0.21 drift=0.07
[iter  1289] ts= 7,582,230  eplen= 5526T  rew=+6.327  start=0.98 completion=1.804 prog=+0.83  win=1  pool=8  speed=24.6  wheelie=0.19 drift=0.08
[iter  1290] ts= 7,586,784  eplen= 4554T  rew=+7.281  start=0.98 completion=1.810 prog=+0.83  win=1  pool=8  speed=32.7  wheelie=0.16 drift=0.10
[iter  1291] ts= 7,591,674  eplen= 4890T  rew=+6.742  start=0.98 completion=1.811 prog=+0.83  win=1  pool=8  speed=28.2  wheelie=0.19 drift=0.07
[iter  1292] ts= 7,596,282  eplen= 4608T  rew=+7.060  start=0.98 completion=1.810 prog=+0.83  win=1  pool=8  speed=30.1  wheelie=0.18 drift=0.09
[iter  1293] ts= 7,601,304  eplen= 5022T  rew=+6.236  start=0.98 completion=1.807 prog=+0.83  win=1  pool=8  speed=26.5  wheelie=0.17 drift=0.06
[iter  1294] ts= 7,605,642  eplen= 4338T  rew=+6.902  start=0.98 completion=1.820 prog=+0.84  win=1  pool=8  speed=32.6  wheelie=0.17 drift=0.07
[iter  1295] ts= 7,610,208  eplen= 4566T  rew=+6.982  start=0.98 completion=1.813 prog=+0.84  win=1  pool=8  speed=31.0  wheelie=0.17 drift=0.09
[iter  1296] ts= 7,616,718  eplen= 6510T  rew=+5.713  start=0.98 completion=1.814 prog=+0.84  win=1  pool=8  speed=22.9  wheelie=0.20 drift=0.07
[iter  1297] ts= 7,620,492  eplen= 3774T  rew=+6.966  start=0.98 completion=1.806 prog=+0.83  win=1  pool=8  speed=35.8  wheelie=0.21 drift=0.09
[iter  1298] ts= 7,626,288  eplen= 5796T  rew=+7.371  start=0.98 completion=1.829 prog=+0.85  win=1  pool=8  speed=26.9  wheelie=0.20 drift=0.09
[iter  1299] ts= 7,630,446  eplen= 4158T  rew=+7.640  start=0.98 completion=1.808 prog=+0.83  win=1  pool=8  speed=33.8  wheelie=0.26 drift=0.09
[iter  1300] ts= 7,635,816  eplen= 5370T  rew=+6.169  start=0.98 completion=1.824 prog=+0.85  win=1  pool=8  speed=27.3  wheelie=0.29 drift=0.08
[iter  1301] ts= 7,639,290  eplen= 3474T  rew=+7.299  start=0.98 completion=1.775 prog=+0.80  win=1  pool=8  speed=39.9  wheelie=0.25 drift=0.11
[iter  1302] ts= 7,643,904  eplen= 4614T  rew=+6.587  start=0.98 completion=1.806 prog=+0.83  win=1  pool=8  speed=29.4  wheelie=0.33 drift=0.07
[iter  1303] ts= 7,649,658  eplen= 5754T  rew=+7.467  start=0.98 completion=1.805 prog=+0.83  win=0  pool=8  speed=23.7  wheelie=0.32 drift=0.06
[checkpoint] saved checkpoint_7649658.pt
[iter  1304] ts= 7,654,968  eplen= 5310T  rew=+7.282  start=0.98 completion=1.806 prog=+0.83  win=1  pool=8  speed=27.2  wheelie=0.31 drift=0.07
[iter  1305] ts= 7,659,288  eplen= 4320T  rew=+7.125  start=0.98 completion=1.840 prog=+0.86  win=0  pool=8  speed=36.7  wheelie=0.29 drift=0.12
[iter  1306] ts= 7,664,052  eplen= 4764T  rew=+7.143  start=0.98 completion=1.832 prog=+0.85  win=1  pool=8  speed=33.3  wheelie=0.31 drift=0.12
[iter  1307] ts= 7,669,026  eplen= 4974T  rew=+6.889  start=0.98 completion=1.803 prog=+0.83  win=1  pool=8  speed=29.4  wheelie=0.30 drift=0.10
[iter  1308] ts= 7,674,216  eplen= 5190T  rew=+6.503  start=0.98 completion=1.806 prog=+0.83  win=1  pool=8  speed=28.7  wheelie=0.33 drift=0.06
[iter  1309] ts= 7,679,916  eplen= 5700T  rew=+6.953  start=0.98 completion=1.802 prog=+0.82  win=1  pool=8  speed=25.5  wheelie=0.33 drift=0.07
[iter  1310] ts= 7,684,902  eplen= 4986T  rew=+6.538  start=0.98 completion=1.814 prog=+0.84  win=1  pool=8  speed=28.4  wheelie=0.34 drift=0.07
[iter  1311] ts= 7,689,792  eplen= 4890T  rew=+6.432  start=0.98 completion=1.831 prog=+0.85  win=1  pool=8  speed=28.4  wheelie=0.29 drift=0.09
[iter  1312] ts= 7,695,630  eplen= 5838T  rew=+6.575  start=0.98 completion=1.812 prog=+0.83  win=1  pool=8  speed=25.3  wheelie=0.31 drift=0.08
[iter  1313] ts= 7,700,160  eplen= 4530T  rew=+6.707  start=0.98 completion=1.799 prog=+0.82  win=1  pool=8  speed=30.1  wheelie=0.27 drift=0.08
[iter  1314] ts= 7,705,044  eplen= 4884T  rew=+7.540  start=0.98 completion=1.804 prog=+0.83  win=0  pool=8  speed=30.3  wheelie=0.27 drift=0.08
[iter  1315] ts= 7,708,524  eplen= 3480T  rew=+6.531  start=0.98 completion=1.671 prog=+0.69  win=1  pool=8  speed=34.3  wheelie=0.23 drift=0.11
[iter  1316] ts= 7,715,124  eplen= 6600T  rew=+5.559  start=0.98 completion=1.803 prog=+0.83  win=1  pool=8  speed=21.1  wheelie=0.29 drift=0.06
[iter  1317] ts= 7,720,278  eplen= 5154T  rew=+7.149  start=0.98 completion=1.808 prog=+0.83  win=0  pool=8  speed=26.8  wheelie=0.24 drift=0.08
[iter  1318] ts= 7,725,528  eplen= 5250T  rew=+7.384  start=0.98 completion=1.811 prog=+0.83  win=0  pool=8  speed=26.2  wheelie=0.26 drift=0.10
[iter  1319] ts= 7,731,966  eplen= 6438T  rew=+6.005  start=0.98 completion=1.807 prog=+0.83  win=1  pool=8  speed=23.4  wheelie=0.29 drift=0.08
[iter  1320] ts= 7,736,826  eplen= 4860T  rew=+7.295  start=0.98 completion=1.807 prog=+0.83  win=1  pool=8  speed=27.8  wheelie=0.29 drift=0.08
[iter  1321] ts= 7,741,686  eplen= 4860T  rew=+6.142  start=0.98 completion=1.728 prog=+0.75  win=1  pool=8  speed=25.6  wheelie=0.27 drift=0.08
[iter  1322] ts= 7,746,258  eplen= 4572T  rew=+6.989  start=0.98 completion=1.814 prog=+0.84  win=1  pool=8  speed=30.9  wheelie=0.27 drift=0.08
[iter  1323] ts= 7,749,960  eplen= 3702T  rew=+6.002  start=0.98 completion=1.623 prog=+0.65  win=0  pool=8  speed=29.6  wheelie=0.24 drift=0.10
[iter  1324] ts= 7,754,016  eplen= 4056T  rew=+6.740  start=0.98 completion=1.713 prog=+0.74  win=1  pool=8  speed=31.7  wheelie=0.28 drift=0.08
[iter  1325] ts= 7,758,174  eplen= 4158T  rew=+6.995  start=0.98 completion=1.806 prog=+0.83  win=1  pool=8  speed=34.4  wheelie=0.25 drift=0.10
[iter  1326] ts= 7,762,242  eplen= 4068T  rew=+7.160  start=0.98 completion=1.819 prog=+0.84  win=1  pool=8  speed=36.1  wheelie=0.22 drift=0.11
[iter  1327] ts= 7,766,760  eplen= 4518T  rew=+7.469  start=0.98 completion=1.806 prog=+0.83  win=0  pool=8  speed=31.3  wheelie=0.19 drift=0.10
[iter  1328] ts= 7,773,456  eplen= 6696T  rew=+5.614  start=0.98 completion=1.815 prog=+0.84  win=1  pool=8  speed=22.5  wheelie=0.22 drift=0.09
[iter  1329] ts= 7,778,544  eplen= 5088T  rew=+7.231  start=0.98 completion=1.806 prog=+0.83  win=0  pool=8  speed=27.7  wheelie=0.20 drift=0.10
[iter  1330] ts= 7,784,166  eplen= 5622T  rew=+6.910  start=0.98 completion=1.806 prog=+0.83  win=1  pool=8  speed=25.3  wheelie=0.24 drift=0.08
[iter  1331] ts= 7,789,086  eplen= 4920T  rew=+4.623  start=0.98 completion=1.616 prog=+0.64  win=1  pool=8  speed=22.4  wheelie=0.25 drift=0.09
[iter  1332] ts= 7,793,088  eplen= 4002T  rew=+7.775  start=0.98 completion=1.823 prog=+0.85  win=0  pool=8  speed=36.8  wheelie=0.23 drift=0.12
[iter  1333] ts= 7,797,690  eplen= 4602T  rew=+6.898  start=0.98 completion=1.816 prog=+0.84  win=1  pool=8  speed=29.7  wheelie=0.26 drift=0.09
[iter  1334] ts= 7,801,848  eplen= 4158T  rew=+7.697  start=0.98 completion=1.843 prog=+0.87  win=1  pool=8  speed=36.9  wheelie=0.24 drift=0.09
[iter  1335] ts= 7,806,918  eplen= 5070T  rew=+6.202  start=0.98 completion=1.772 prog=+0.79  win=1  pool=8  speed=28.5  wheelie=0.21 drift=0.09
[iter  1336] ts= 7,812,486  eplen= 5568T  rew=+6.331  start=0.98 completion=1.828 prog=+0.85  win=1  pool=8  speed=27.0  wheelie=0.19 drift=0.09
[iter  1337] ts= 7,816,824  eplen= 4338T  rew=+6.545  start=0.98 completion=1.769 prog=+0.79  win=1  pool=8  speed=31.2  wheelie=0.18 drift=0.08
[iter  1338] ts= 7,822,866  eplen= 6042T  rew=+5.902  start=0.98 completion=1.822 prog=+0.84  win=1  pool=8  speed=23.0  wheelie=0.20 drift=0.05
[iter  1339] ts= 7,829,376  eplen= 6510T  rew=+6.226  start=0.98 completion=1.690 prog=+0.71  win=0  pool=8  speed=19.8  wheelie=0.26 drift=0.08
[iter  1340] ts= 7,834,896  eplen= 5520T  rew=+6.412  start=0.98 completion=1.813 prog=+0.84  win=1  pool=8  speed=26.8  wheelie=0.21 drift=0.08
[iter  1341] ts= 7,839,966  eplen= 5070T  rew=+6.615  start=0.98 completion=1.804 prog=+0.83  win=1  pool=8  speed=29.5  wheelie=0.19 drift=0.08
[iter  1342] ts= 7,847,706  eplen= 7740T  rew=+5.785  start=0.98 completion=1.810 prog=+0.83  win=1  pool=8  speed=19.6  wheelie=0.22 drift=0.05
[iter  1343] ts= 7,852,578  eplen= 4872T  rew=+6.654  start=0.98 completion=1.810 prog=+0.83  win=1  pool=8  speed=29.7  wheelie=0.22 drift=0.08
[iter  1344] ts= 7,857,180  eplen= 4602T  rew=+6.717  start=0.98 completion=1.802 prog=+0.82  win=0  pool=8  speed=31.6  wheelie=0.22 drift=0.09
[iter  1345] ts= 7,861,692  eplen= 4512T  rew=+6.876  start=0.98 completion=1.812 prog=+0.83  win=1  pool=8  speed=31.5  wheelie=0.21 drift=0.08
[iter  1346] ts= 7,866,108  eplen= 4416T  rew=+7.290  start=0.98 completion=1.803 prog=+0.83  win=1  pool=8  speed=33.2  wheelie=0.24 drift=0.07
[iter  1347] ts= 7,869,618  eplen= 3510T  rew=+7.572  start=0.98 completion=1.813 prog=+0.84  win=1  pool=8  speed=38.3  wheelie=0.25 drift=0.09
[iter  1348] ts= 7,874,376  eplen= 4758T  rew=+7.286  start=0.98 completion=1.801 prog=+0.82  win=0  pool=8  speed=29.1  wheelie=0.30 drift=0.08
[iter  1349] ts= 7,879,524  eplen= 5148T  rew=+6.293  start=0.98 completion=1.795 prog=+0.82  win=1  pool=8  speed=27.9  wheelie=0.32 drift=0.08
[iter  1350] ts= 7,882,890  eplen= 3366T  rew=+6.829  start=0.98 completion=1.750 prog=+0.77  win=1  pool=8  speed=35.6  wheelie=0.27 drift=0.09
[iter  1351] ts= 7,887,342  eplen= 4452T  rew=+7.129  start=0.98 completion=1.802 prog=+0.83  win=0  pool=8  speed=31.2  wheelie=0.32 drift=0.08
[iter  1352] ts= 7,892,562  eplen= 5220T  rew=+6.667  start=0.98 completion=1.805 prog=+0.83  win=1  pool=8  speed=28.0  wheelie=0.31 drift=0.08
[iter  1353] ts= 7,898,892  eplen= 6330T  rew=+6.702  start=0.98 completion=1.819 prog=+0.84  win=1  pool=8  speed=23.7  wheelie=0.30 drift=0.05
[iter  1354] ts= 7,903,506  eplen= 4614T  rew=+6.817  start=0.98 completion=1.812 prog=+0.83  win=1  pool=8  speed=31.9  wheelie=0.33 drift=0.07
[iter  1355] ts= 7,908,210  eplen= 4704T  rew=+6.618  start=0.98 completion=1.815 prog=+0.84  win=1  pool=8  speed=31.3  wheelie=0.26 drift=0.09
[iter  1356] ts= 7,913,556  eplen= 5346T  rew=+6.391  start=0.98 completion=1.813 prog=+0.84  win=1  pool=8  speed=25.5  wheelie=0.24 drift=0.07
[iter  1357] ts= 7,918,152  eplen= 4596T  rew=+7.290  start=0.98 completion=1.793 prog=+0.82  win=0  pool=8  speed=29.5  wheelie=0.20 drift=0.08
[iter  1358] ts= 7,922,178  eplen= 4026T  rew=+7.023  start=0.98 completion=1.829 prog=+0.85  win=0  pool=8  speed=38.2  wheelie=0.20 drift=0.12
[iter  1359] ts= 7,926,156  eplen= 3978T  rew=+5.888  start=0.98 completion=1.685 prog=+0.71  win=1  pool=8  speed=27.6  wheelie=0.19 drift=0.08
[iter  1360] ts= 7,930,848  eplen= 4692T  rew=+6.581  start=0.98 completion=1.813 prog=+0.84  win=1  pool=8  speed=29.6  wheelie=0.18 drift=0.08
[iter  1361] ts= 7,937,550  eplen= 6702T  rew=+7.226  start=0.98 completion=1.806 prog=+0.83  win=1  pool=8  speed=25.9  wheelie=0.19 drift=0.07
[iter  1362] ts= 7,941,798  eplen= 4248T  rew=+7.194  start=0.98 completion=1.840 prog=+0.86  win=1  pool=8  speed=33.7  wheelie=0.18 drift=0.12
[iter  1363] ts= 7,946,964  eplen= 5166T  rew=+6.596  start=0.98 completion=1.807 prog=+0.83  win=1  pool=8  speed=26.8  wheelie=0.17 drift=0.08
[iter  1364] ts= 7,952,130  eplen= 5166T  rew=+6.367  start=0.98 completion=1.807 prog=+0.83  win=1  pool=8  speed=26.8  wheelie=0.14 drift=0.11
[iter  1365] ts= 7,956,888  eplen= 4758T  rew=+7.406  start=0.98 completion=1.802 prog=+0.82  win=0  pool=8  speed=29.4  wheelie=0.17 drift=0.09
[iter  1366] ts= 7,962,654  eplen= 5766T  rew=+7.614  start=0.98 completion=1.793 prog=+0.82  win=0  pool=8  speed=24.1  wheelie=0.16 drift=0.09
[iter  1367] ts= 7,968,432  eplen= 5778T  rew=+7.237  start=0.98 completion=1.813 prog=+0.84  win=1  pool=8  speed=25.9  wheelie=0.17 drift=0.11
[iter  1368] ts= 7,975,392  eplen= 6960T  rew=+5.213  start=0.98 completion=1.800 prog=+0.82  win=1  pool=8  speed=19.8  wheelie=0.15 drift=0.08
[iter  1369] ts= 7,980,516  eplen= 5124T  rew=+6.909  start=0.98 completion=1.754 prog=+0.78  win=1  pool=8  speed=29.3  wheelie=0.19 drift=0.09
[iter  1370] ts= 7,984,458  eplen= 3942T  rew=+5.801  start=0.98 completion=1.694 prog=+0.72  win=1  pool=8  speed=30.9  wheelie=0.17 drift=0.08
[iter  1371] ts= 7,990,422  eplen= 5964T  rew=+5.401  start=0.98 completion=1.682 prog=+0.70  win=0  pool=8  speed=20.8  wheelie=0.16 drift=0.06
[iter  1372] ts= 7,997,100  eplen= 6678T  rew=+6.501  start=0.98 completion=1.796 prog=+0.82  win=1  pool=8  speed=22.7  wheelie=0.18 drift=0.06
[iter  1373] ts= 8,001,726  eplen= 4626T  rew=+6.174  start=0.98 completion=1.697 prog=+0.72  win=0  pool=8  speed=26.2  wheelie=0.14 drift=0.10
[iter  1374] ts= 8,004,402  eplen= 2676T  rew=+2.851  start=0.98 completion=1.232 prog=+0.25  win=0  pool=8  speed=17.4  wheelie=0.25 drift=0.09
[iter  1375] ts= 8,011,284  eplen= 6882T  rew=+6.411  start=0.98 completion=1.791 prog=+0.81  win=0  pool=8  speed=21.6  wheelie=0.19 drift=0.07
[iter  1376] ts= 8,017,164  eplen= 5880T  rew=+6.677  start=0.98 completion=1.757 prog=+0.78  win=1  pool=8  speed=23.9  wheelie=0.18 drift=0.07
[iter  1377] ts= 8,022,960  eplen= 5796T  rew=+7.697  start=0.98 completion=1.801 prog=+0.82  win=1  pool=8  speed=25.2  wheelie=0.19 drift=0.06
[selfplay] pushed snapshot (pool=9)
[iter  1378] ts= 8,027,832  eplen= 4872T  rew=+8.282  start=0.98 completion=1.802 prog=+0.82  win=0  pool=9  speed=29.0  wheelie=0.20 drift=0.09
[iter  1379] ts= 8,033,616  eplen= 5784T  rew=+6.443  start=0.98 completion=1.819 prog=+0.84  win=1  pool=9  speed=25.7  wheelie=0.19 drift=0.10
[iter  1380] ts= 8,038,122  eplen= 4506T  rew=+4.712  start=0.98 completion=1.599 prog=+0.62  win=1  pool=9  speed=21.8  wheelie=0.22 drift=0.11
[iter  1381] ts= 8,044,398  eplen= 6276T  rew=+7.008  start=0.98 completion=1.795 prog=+0.82  win=1  pool=9  speed=22.6  wheelie=0.17 drift=0.08
[iter  1382] ts= 8,051,310  eplen= 6912T  rew=+6.075  start=0.98 completion=1.800 prog=+0.82  win=1  pool=9  speed=20.7  wheelie=0.17 drift=0.06
[checkpoint] saved checkpoint_8051310.pt
[iter  1383] ts= 8,056,308  eplen= 4998T  rew=+6.706  start=0.98 completion=1.804 prog=+0.83  win=1  pool=9  speed=28.9  wheelie=0.16 drift=0.09
[iter  1384] ts= 8,062,848  eplen= 6540T  rew=+7.370  start=0.98 completion=1.809 prog=+0.83  win=0  pool=9  speed=21.6  wheelie=0.18 drift=0.05
[iter  1385] ts= 8,066,442  eplen= 3594T  rew=+7.178  start=0.98 completion=1.812 prog=+0.83  win=1  pool=9  speed=37.5  wheelie=0.15 drift=0.12
[iter  1386] ts= 8,071,344  eplen= 4902T  rew=+6.437  start=0.98 completion=1.800 prog=+0.82  win=1  pool=9  speed=26.9  wheelie=0.17 drift=0.09
[iter  1387] ts= 8,075,748  eplen= 4404T  rew=+6.577  start=0.98 completion=1.778 prog=+0.80  win=1  pool=9  speed=29.9  wheelie=0.18 drift=0.10
[iter  1388] ts= 8,083,236  eplen= 7488T  rew=+4.766  start=0.98 completion=1.803 prog=+0.83  win=1  pool=9  speed=17.0  wheelie=0.17 drift=0.06
[iter  1389] ts= 8,087,748  eplen= 4512T  rew=+6.654  start=0.98 completion=1.813 prog=+0.84  win=1  pool=9  speed=29.5  wheelie=0.22 drift=0.09
[iter  1390] ts= 8,093,568  eplen= 5820T  rew=+5.622  start=0.98 completion=1.815 prog=+0.84  win=1  pool=9  speed=22.4  wheelie=0.22 drift=0.07
[iter  1391] ts= 8,098,140  eplen= 4572T  rew=+6.642  start=0.98 completion=1.805 prog=+0.83  win=1  pool=9  speed=29.9  wheelie=0.22 drift=0.10
[iter  1392] ts= 8,104,290  eplen= 6150T  rew=+6.704  start=0.98 completion=1.821 prog=+0.84  win=1  pool=9  speed=23.0  wheelie=0.21 drift=0.08
[iter  1393] ts= 8,108,634  eplen= 4344T  rew=+7.154  start=0.98 completion=1.768 prog=+0.79  win=1  pool=9  speed=28.8  wheelie=0.18 drift=0.10
[iter  1394] ts= 8,112,084  eplen= 3450T  rew=+7.697  start=0.98 completion=1.807 prog=+0.83  win=1  pool=9  speed=40.2  wheelie=0.17 drift=0.13
[iter  1395] ts= 8,116,338  eplen= 4254T  rew=+7.004  start=0.98 completion=1.819 prog=+0.84  win=1  pool=9  speed=33.1  wheelie=0.19 drift=0.10
[iter  1396] ts= 8,120,604  eplen= 4266T  rew=+7.043  start=0.98 completion=1.809 prog=+0.83  win=1  pool=9  speed=33.3  wheelie=0.22 drift=0.09
[iter  1397] ts= 8,126,604  eplen= 6000T  rew=+5.744  start=0.98 completion=1.811 prog=+0.83  win=1  pool=9  speed=23.1  wheelie=0.17 drift=0.08
[iter  1398] ts= 8,135,112  eplen= 8508T  rew=+7.058  start=0.98 completion=1.816 prog=+0.84  win=1  pool=9  speed=17.5  wheelie=0.26 drift=0.11
[iter  1399] ts= 8,140,584  eplen= 5472T  rew=+6.953  start=0.98 completion=1.808 prog=+0.83  win=1  pool=9  speed=24.3  wheelie=0.21 drift=0.08
[iter  1400] ts= 8,145,228  eplen= 4644T  rew=+6.673  start=0.98 completion=1.705 prog=+0.73  win=1  pool=9  speed=27.1  wheelie=0.29 drift=0.12
[iter  1401] ts= 8,150,328  eplen= 5100T  rew=+6.699  start=0.98 completion=1.809 prog=+0.83  win=1  pool=9  speed=28.2  wheelie=0.26 drift=0.08
[iter  1402] ts= 8,154,630  eplen= 4302T  rew=+5.625  start=0.98 completion=1.689 prog=+0.71  win=1  pool=9  speed=27.6  wheelie=0.26 drift=0.09
[iter  1403] ts= 8,159,220  eplen= 4590T  rew=+6.694  start=0.98 completion=1.831 prog=+0.85  win=1  pool=9  speed=32.3  wheelie=0.26 drift=0.09
[iter  1404] ts= 8,163,696  eplen= 4476T  rew=+7.015  start=0.98 completion=1.811 prog=+0.83  win=1  pool=9  speed=32.7  wheelie=0.24 drift=0.11
[iter  1405] ts= 8,170,104  eplen= 6408T  rew=+6.340  start=0.98 completion=1.825 prog=+0.85  win=1  pool=9  speed=28.0  wheelie=0.28 drift=0.09
[iter  1406] ts= 8,174,856  eplen= 4752T  rew=+6.640  start=0.98 completion=1.814 prog=+0.84  win=1  pool=9  speed=28.8  wheelie=0.28 drift=0.08
[iter  1407] ts= 8,179,230  eplen= 4374T  rew=+3.767  start=0.98 completion=1.494 prog=+0.52  win=1  pool=9  speed=21.7  wheelie=0.27 drift=0.09
[iter  1408] ts= 8,184,408  eplen= 5178T  rew=+6.144  start=0.98 completion=1.819 prog=+0.84  win=1  pool=9  speed=26.0  wheelie=0.24 drift=0.09
[iter  1409] ts= 8,189,538  eplen= 5130T  rew=+7.290  start=0.98 completion=1.833 prog=+0.86  win=1  pool=9  speed=29.0  wheelie=0.25 drift=0.07
[iter  1410] ts= 8,193,948  eplen= 4410T  rew=+3.773  start=0.98 completion=1.394 prog=+0.42  win=0  pool=9  speed=16.9  wheelie=0.24 drift=0.12
[iter  1411] ts= 8,199,216  eplen= 5268T  rew=+7.328  start=0.98 completion=1.811 prog=+0.83  win=1  pool=9  speed=26.8  wheelie=0.26 drift=0.10
[iter  1412] ts= 8,204,928  eplen= 5712T  rew=+4.446  start=0.98 completion=1.693 prog=+0.72  win=0  pool=9  speed=22.0  wheelie=0.24 drift=0.07
[iter  1413] ts= 8,210,364  eplen= 5436T  rew=+6.588  start=0.98 completion=1.825 prog=+0.85  win=1  pool=9  speed=26.1  wheelie=0.17 drift=0.08
[iter  1414] ts= 8,214,624  eplen= 4260T  rew=+7.236  start=0.98 completion=1.819 prog=+0.84  win=1  pool=9  speed=34.8  wheelie=0.16 drift=0.10
[iter  1415] ts= 8,219,172  eplen= 4548T  rew=+6.198  start=0.98 completion=1.699 prog=+0.72  win=1  pool=9  speed=26.7  wheelie=0.20 drift=0.05
[iter  1416] ts= 8,224,044  eplen= 4872T  rew=+6.449  start=0.98 completion=1.809 prog=+0.83  win=1  pool=9  speed=26.2  wheelie=0.18 drift=0.08
[iter  1417] ts= 8,228,916  eplen= 4872T  rew=+6.640  start=0.98 completion=1.820 prog=+0.84  win=1  pool=9  speed=28.9  wheelie=0.16 drift=0.09
[iter  1418] ts= 8,233,344  eplen= 4428T  rew=+6.503  start=0.98 completion=1.804 prog=+0.83  win=1  pool=9  speed=30.0  wheelie=0.16 drift=0.09
[iter  1419] ts= 8,238,384  eplen= 5040T  rew=+6.919  start=0.98 completion=1.811 prog=+0.83  win=1  pool=9  speed=28.2  wheelie=0.12 drift=0.09
[iter  1420] ts= 8,244,228  eplen= 5844T  rew=+8.105  start=0.98 completion=1.924 prog=+0.95  win=1  pool=9  speed=26.6  wheelie=0.19 drift=0.07
[iter  1421] ts= 8,249,568  eplen= 5340T  rew=+7.462  start=0.98 completion=1.807 prog=+0.83  win=0  pool=9  speed=28.3  wheelie=0.19 drift=0.08
[iter  1422] ts= 8,255,760  eplen= 6192T  rew=+7.053  start=0.98 completion=1.826 prog=+0.85  win=1  pool=9  speed=23.2  wheelie=0.14 drift=0.08
[iter  1423] ts= 8,260,992  eplen= 5232T  rew=+6.542  start=0.98 completion=1.778 prog=+0.80  win=1  pool=9  speed=26.9  wheelie=0.22 drift=0.05
[iter  1424] ts= 8,264,982  eplen= 3990T  rew=+6.645  start=0.98 completion=1.810 prog=+0.83  win=1  pool=9  speed=32.5  wheelie=0.20 drift=0.10
[iter  1425] ts= 8,270,262  eplen= 5280T  rew=+6.748  start=0.98 completion=1.856 prog=+0.88  win=1  pool=9  speed=32.4  wheelie=0.21 drift=0.10
[iter  1426] ts= 8,277,624  eplen= 7362T  rew=+5.020  start=0.98 completion=1.816 prog=+0.84  win=1  pool=9  speed=19.9  wheelie=0.22 drift=0.06
[iter  1427] ts= 8,281,866  eplen= 4242T  rew=+7.004  start=0.98 completion=1.828 prog=+0.85  win=1  pool=9  speed=32.5  wheelie=0.17 drift=0.10
[iter  1428] ts= 8,286,366  eplen= 4500T  rew=+7.336  start=0.98 completion=1.787 prog=+0.81  win=1  pool=9  speed=30.0  wheelie=0.26 drift=0.07
[iter  1429] ts= 8,290,650  eplen= 4284T  rew=+7.132  start=0.98 completion=1.820 prog=+0.84  win=1  pool=9  speed=35.4  wheelie=0.21 drift=0.11
[iter  1430] ts= 8,295,618  eplen= 4968T  rew=+6.382  start=0.98 completion=1.817 prog=+0.84  win=0  pool=9  speed=30.2  wheelie=0.27 drift=0.10
[iter  1431] ts= 8,299,980  eplen= 4362T  rew=+5.726  start=0.98 completion=1.685 prog=+0.71  win=1  pool=9  speed=27.2  wheelie=0.27 drift=0.08
[iter  1432] ts= 8,307,132  eplen= 7152T  rew=+5.358  start=0.98 completion=1.804 prog=+0.83  win=1  pool=9  speed=19.0  wheelie=0.25 drift=0.07
[iter  1433] ts= 8,311,146  eplen= 4014T  rew=+7.089  start=0.98 completion=1.821 prog=+0.84  win=1  pool=9  speed=36.7  wheelie=0.26 drift=0.09
[iter  1434] ts= 8,318,808  eplen= 7662T  rew=+5.591  start=0.98 completion=1.807 prog=+0.83  win=1  pool=9  speed=19.4  wheelie=0.28 drift=0.06
[iter  1435] ts= 8,325,054  eplen= 6246T  rew=+5.995  start=0.98 completion=1.805 prog=+0.83  win=1  pool=9  speed=23.0  wheelie=0.28 drift=0.07
[iter  1436] ts= 8,330,616  eplen= 5562T  rew=+7.850  start=0.98 completion=1.804 prog=+0.83  win=0  pool=9  speed=27.7  wheelie=0.29 drift=0.08
[iter  1437] ts= 8,335,494  eplen= 4878T  rew=+6.539  start=0.98 completion=1.822 prog=+0.85  win=1  pool=9  speed=32.5  wheelie=0.26 drift=0.09
[iter  1438] ts= 8,340,366  eplen= 4872T  rew=+7.049  start=0.98 completion=1.806 prog=+0.83  win=0  pool=9  speed=28.0  wheelie=0.25 drift=0.07
[iter  1439] ts= 8,345,592  eplen= 5226T  rew=+6.699  start=0.98 completion=1.824 prog=+0.85  win=1  pool=9  speed=29.9  wheelie=0.28 drift=0.09
[iter  1440] ts= 8,353,800  eplen= 8208T  rew=+4.381  start=0.98 completion=1.806 prog=+0.83  win=1  pool=9  speed=17.7  wheelie=0.27 drift=0.06
[iter  1441] ts= 8,358,726  eplen= 4926T  rew=+7.033  start=0.98 completion=1.833 prog=+0.86  win=1  pool=9  speed=32.5  wheelie=0.29 drift=0.08
[iter  1442] ts= 8,364,942  eplen= 6216T  rew=+5.739  start=0.98 completion=1.805 prog=+0.83  win=1  pool=9  speed=21.7  wheelie=0.26 drift=0.06
[iter  1443] ts= 8,369,838  eplen= 4896T  rew=+7.697  start=0.98 completion=1.820 prog=+0.84  win=1  pool=9  speed=32.1  wheelie=0.33 drift=0.08
[iter  1444] ts= 8,374,596  eplen= 4758T  rew=+7.237  start=0.98 completion=1.840 prog=+0.86  win=1  pool=9  speed=32.0  wheelie=0.35 drift=0.09
[iter  1445] ts= 8,381,496  eplen= 6900T  rew=+7.368  start=0.98 completion=1.824 prog=+0.85  win=1  pool=9  speed=19.7  wheelie=0.35 drift=0.06
[iter  1446] ts= 8,387,748  eplen= 6252T  rew=+5.709  start=0.98 completion=1.770 prog=+0.79  win=1  pool=9  speed=20.6  wheelie=0.32 drift=0.07
[iter  1447] ts= 8,391,750  eplen= 4002T  rew=+7.194  start=0.98 completion=1.815 prog=+0.84  win=1  pool=9  speed=33.2  wheelie=0.26 drift=0.08
[iter  1448] ts= 8,395,998  eplen= 4248T  rew=+6.948  start=0.98 completion=1.831 prog=+0.85  win=1  pool=9  speed=33.1  wheelie=0.23 drift=0.07
[iter  1449] ts= 8,402,214  eplen= 6216T  rew=+5.882  start=0.98 completion=1.762 prog=+0.78  win=1  pool=9  speed=25.9  wheelie=0.18 drift=0.06
[iter  1450] ts= 8,406,240  eplen= 4026T  rew=+6.618  start=0.98 completion=1.701 prog=+0.72  win=0  pool=9  speed=29.3  wheelie=0.34 drift=0.08
[iter  1451] ts= 8,411,472  eplen= 5232T  rew=+6.813  start=0.98 completion=1.844 prog=+0.87  win=1  pool=9  speed=30.3  wheelie=0.29 drift=0.10
[iter  1452] ts= 8,417,328  eplen= 5856T  rew=+7.051  start=0.98 completion=1.829 prog=+0.85  win=1  pool=9  speed=25.5  wheelie=0.27 drift=0.09
[iter  1453] ts= 8,421,642  eplen= 4314T  rew=+7.068  start=0.98 completion=1.821 prog=+0.84  win=1  pool=9  speed=33.7  wheelie=0.20 drift=0.11
[iter  1454] ts= 8,426,226  eplen= 4584T  rew=+7.627  start=0.98 completion=1.801 prog=+0.82  win=0  pool=9  speed=35.1  wheelie=0.19 drift=0.09
[iter  1455] ts= 8,431,830  eplen= 5604T  rew=+5.943  start=0.98 completion=1.819 prog=+0.84  win=1  pool=9  speed=27.1  wheelie=0.26 drift=0.08
[iter  1456] ts= 8,437,374  eplen= 5544T  rew=+6.344  start=0.98 completion=1.815 prog=+0.84  win=1  pool=9  speed=29.8  wheelie=0.21 drift=0.07
[iter  1457] ts= 8,442,798  eplen= 5424T  rew=+7.609  start=0.98 completion=1.811 prog=+0.83  win=1  pool=9  speed=28.0  wheelie=0.27 drift=0.10
[iter  1458] ts= 8,448,156  eplen= 5358T  rew=+6.601  start=0.98 completion=1.829 prog=+0.85  win=1  pool=9  speed=29.3  wheelie=0.30 drift=0.08
[iter  1459] ts= 8,453,940  eplen= 5784T  rew=+6.868  start=0.98 completion=1.813 prog=+0.84  win=1  pool=9  speed=26.3  wheelie=0.24 drift=0.10
[checkpoint] saved checkpoint_8453940.pt
[iter  1460] ts= 8,459,994  eplen= 6054T  rew=+5.981  start=0.98 completion=1.823 prog=+0.85  win=1  pool=9  speed=24.8  wheelie=0.27 drift=0.07
[iter  1461] ts= 8,465,166  eplen= 5172T  rew=+6.373  start=0.98 completion=1.810 prog=+0.83  win=1  pool=9  speed=27.7  wheelie=0.24 drift=0.09
[iter  1462] ts= 8,469,060  eplen= 3894T  rew=+7.161  start=0.98 completion=1.817 prog=+0.84  win=1  pool=9  speed=36.7  wheelie=0.21 drift=0.10
[iter  1463] ts= 8,472,942  eplen= 3882T  rew=+7.222  start=0.98 completion=1.803 prog=+0.83  win=1  pool=9  speed=34.5  wheelie=0.30 drift=0.11
[iter  1464] ts= 8,480,082  eplen= 7140T  rew=+6.132  start=0.98 completion=1.810 prog=+0.83  win=1  pool=9  speed=21.1  wheelie=0.32 drift=0.08
[iter  1465] ts= 8,486,418  eplen= 6336T  rew=+6.175  start=0.98 completion=1.814 prog=+0.84  win=1  pool=9  speed=22.4  wheelie=0.28 drift=0.08
[iter  1466] ts= 8,490,420  eplen= 4002T  rew=+8.057  start=0.98 completion=1.809 prog=+0.83  win=1  pool=9  speed=36.7  wheelie=0.30 drift=0.13
[iter  1467] ts= 8,495,184  eplen= 4764T  rew=+7.505  start=0.98 completion=1.810 prog=+0.83  win=1  pool=9  speed=31.6  wheelie=0.27 drift=0.11
[iter  1468] ts= 8,500,320  eplen= 5136T  rew=+7.214  start=0.98 completion=1.833 prog=+0.86  win=1  pool=9  speed=30.2  wheelie=0.28 drift=0.09
[iter  1469] ts= 8,504,694  eplen= 4374T  rew=+6.994  start=0.98 completion=1.813 prog=+0.84  win=1  pool=9  speed=33.1  wheelie=0.29 drift=0.12
[iter  1470] ts= 8,509,062  eplen= 4368T  rew=+6.642  start=0.98 completion=1.819 prog=+0.84  win=1  pool=9  speed=32.3  wheelie=0.35 drift=0.11
[iter  1471] ts= 8,512,884  eplen= 3822T  rew=+7.194  start=0.98 completion=1.815 prog=+0.84  win=1  pool=9  speed=35.7  wheelie=0.27 drift=0.09
[iter  1472] ts= 8,517,576  eplen= 4692T  rew=+6.112  start=0.98 completion=1.693 prog=+0.72  win=1  pool=9  speed=27.7  wheelie=0.22 drift=0.09
[iter  1473] ts= 8,521,266  eplen= 3690T  rew=+6.335  start=0.98 completion=1.683 prog=+0.71  win=0  pool=9  speed=33.9  wheelie=0.18 drift=0.13
[iter  1474] ts= 8,525,898  eplen= 4632T  rew=+6.792  start=0.98 completion=1.805 prog=+0.83  win=1  pool=9  speed=31.1  wheelie=0.21 drift=0.10
[iter  1475] ts= 8,529,588  eplen= 3690T  rew=+5.952  start=0.98 completion=1.674 prog=+0.70  win=0  pool=9  speed=30.8  wheelie=0.19 drift=0.13
[iter  1476] ts= 8,533,752  eplen= 4164T  rew=+7.120  start=0.98 completion=1.779 prog=+0.80  win=1  pool=9  speed=37.8  wheelie=0.24 drift=0.12
[iter  1477] ts= 8,540,004  eplen= 6252T  rew=+6.623  start=0.98 completion=1.858 prog=+0.88  win=1  pool=9  speed=31.8  wheelie=0.21 drift=0.12
[iter  1478] ts= 8,546,304  eplen= 6300T  rew=+6.542  start=0.98 completion=1.817 prog=+0.84  win=1  pool=9  speed=23.3  wheelie=0.27 drift=0.07
[iter  1479] ts= 8,551,890  eplen= 5586T  rew=+7.966  start=0.98 completion=1.830 prog=+0.85  win=1  pool=9  speed=28.3  wheelie=0.26 drift=0.08
[iter  1480] ts= 8,558,850  eplen= 6960T  rew=+5.495  start=0.98 completion=1.834 prog=+0.86  win=1  pool=9  speed=22.0  wheelie=0.21 drift=0.08
[iter  1481] ts= 8,563,932  eplen= 5082T  rew=+6.940  start=0.98 completion=1.829 prog=+0.85  win=1  pool=9  speed=32.0  wheelie=0.18 drift=0.08
[iter  1482] ts= 8,569,818  eplen= 5886T  rew=+6.836  start=0.98 completion=1.836 prog=+0.86  win=1  pool=9  speed=26.8  wheelie=0.20 drift=0.09
[iter  1483] ts= 8,574,804  eplen= 4986T  rew=+7.266  start=0.98 completion=1.809 prog=+0.83  win=0  pool=9  speed=29.2  wheelie=0.24 drift=0.10
[iter  1484] ts= 8,579,010  eplen= 4206T  rew=+6.401  start=0.98 completion=1.632 prog=+0.65  win=1  pool=9  speed=28.4  wheelie=0.20 drift=0.10
[iter  1485] ts= 8,583,204  eplen= 4194T  rew=+7.168  start=0.98 completion=1.758 prog=+0.78  win=1  pool=9  speed=33.0  wheelie=0.22 drift=0.10
[iter  1486] ts= 8,589,096  eplen= 5892T  rew=+6.707  start=0.98 completion=1.841 prog=+0.86  win=1  pool=9  speed=28.8  wheelie=0.21 drift=0.09
[iter  1487] ts= 8,594,670  eplen= 5574T  rew=+7.190  start=0.98 completion=1.819 prog=+0.84  win=0  pool=9  speed=29.0  wheelie=0.24 drift=0.13
[iter  1488] ts= 8,598,954  eplen= 4284T  rew=+7.164  start=0.98 completion=1.823 prog=+0.85  win=1  pool=9  speed=31.1  wheelie=0.23 drift=0.09
[iter  1489] ts= 8,603,352  eplen= 4398T  rew=+7.425  start=0.98 completion=1.796 prog=+0.82  win=1  pool=9  speed=32.4  wheelie=0.29 drift=0.11
[iter  1490] ts= 8,610,510  eplen= 7158T  rew=+5.326  start=0.98 completion=1.807 prog=+0.83  win=1  pool=9  speed=23.5  wheelie=0.28 drift=0.13
[iter  1491] ts= 8,614,404  eplen= 3894T  rew=+7.738  start=0.98 completion=1.812 prog=+0.83  win=1  pool=9  speed=36.7  wheelie=0.30 drift=0.11
[iter  1492] ts= 8,620,944  eplen= 6540T  rew=+7.046  start=0.98 completion=1.851 prog=+0.87  win=0  pool=9  speed=27.6  wheelie=0.32 drift=0.10
[iter  1493] ts= 8,625,462  eplen= 4518T  rew=+6.678  start=0.98 completion=1.685 prog=+0.71  win=1  pool=9  speed=27.5  wheelie=0.28 drift=0.09
[iter  1494] ts= 8,630,964  eplen= 5502T  rew=+7.719  start=0.98 completion=1.839 prog=+0.86  win=0  pool=9  speed=31.1  wheelie=0.30 drift=0.09
[iter  1495] ts= 8,637,300  eplen= 6336T  rew=+6.888  start=0.98 completion=1.854 prog=+0.88  win=0  pool=9  speed=26.9  wheelie=0.31 drift=0.09
[iter  1496] ts= 8,643,600  eplen= 6300T  rew=+5.305  start=0.98 completion=1.690 prog=+0.71  win=1  pool=9  speed=25.3  wheelie=0.20 drift=0.14
[iter  1497] ts= 8,647,944  eplen= 4344T  rew=+3.745  start=0.98 completion=1.389 prog=+0.41  win=0  pool=9  speed=16.4  wheelie=0.23 drift=0.07
[iter  1498] ts= 8,653,458  eplen= 5514T  rew=+7.719  start=0.98 completion=1.829 prog=+0.85  win=1  pool=9  speed=26.5  wheelie=0.34 drift=0.09
[iter  1499] ts= 8,661,060  eplen= 7602T  rew=+5.772  start=0.98 completion=1.833 prog=+0.86  win=1  pool=9  speed=22.5  wheelie=0.25 drift=0.11
[iter  1500] ts= 8,666,646  eplen= 5586T  rew=+6.602  start=0.98 completion=1.828 prog=+0.85  win=0  pool=9  speed=27.3  wheelie=0.35 drift=0.10
[iter  1501] ts= 8,674,524  eplen= 7878T  rew=+6.407  start=0.98 completion=1.821 prog=+0.84  win=0  pool=9  speed=18.7  wheelie=0.40 drift=0.06
[iter  1502] ts= 8,679,702  eplen= 5178T  rew=+6.602  start=0.98 completion=1.831 prog=+0.85  win=1  pool=9  speed=28.4  wheelie=0.36 drift=0.10
[iter  1503] ts= 8,683,680  eplen= 3978T  rew=+6.481  start=0.98 completion=1.678 prog=+0.70  win=0  pool=9  speed=31.8  wheelie=0.36 drift=0.11
[iter  1504] ts= 8,687,820  eplen= 4140T  rew=+7.180  start=0.98 completion=1.833 prog=+0.86  win=1  pool=9  speed=34.1  wheelie=0.23 drift=0.12
[iter  1505] ts= 8,692,980  eplen= 5160T  rew=+7.280  start=0.98 completion=1.834 prog=+0.86  win=1  pool=9  speed=29.2  wheelie=0.31 drift=0.10
[iter  1506] ts= 8,699,136  eplen= 6156T  rew=+7.555  start=0.98 completion=1.822 prog=+0.84  win=1  pool=9  speed=26.7  wheelie=0.28 drift=0.10
[iter  1507] ts= 8,705,184  eplen= 6048T  rew=+6.141  start=0.98 completion=1.730 prog=+0.75  win=1  pool=9  speed=23.3  wheelie=0.36 drift=0.07
[iter  1508] ts= 8,709,666  eplen= 4482T  rew=+6.988  start=0.98 completion=1.819 prog=+0.84  win=1  pool=9  speed=33.1  wheelie=0.31 drift=0.08
[iter  1509] ts= 8,715,258  eplen= 5592T  rew=+6.643  start=0.98 completion=1.844 prog=+0.87  win=1  pool=9  speed=30.1  wheelie=0.28 drift=0.06
[iter  1510] ts= 8,720,418  eplen= 5160T  rew=+6.426  start=0.98 completion=1.692 prog=+0.71  win=0  pool=9  speed=27.9  wheelie=0.31 drift=0.08
[iter  1511] ts= 8,727,000  eplen= 6582T  rew=+6.324  start=0.98 completion=1.806 prog=+0.83  win=1  pool=9  speed=30.9  wheelie=0.22 drift=0.07
[iter  1512] ts= 8,735,232  eplen= 8232T  rew=+6.415  start=0.98 completion=1.852 prog=+0.87  win=1  pool=9  speed=21.3  wheelie=0.37 drift=0.06
[iter  1513] ts= 8,739,582  eplen= 4350T  rew=+6.176  start=0.98 completion=1.747 prog=+0.77  win=1  pool=9  speed=35.1  wheelie=0.37 drift=0.09
[iter  1514] ts= 8,745,318  eplen= 5736T  rew=+7.537  start=0.98 completion=1.847 prog=+0.87  win=1  pool=9  speed=27.2  wheelie=0.42 drift=0.06
[iter  1515] ts= 8,751,198  eplen= 5880T  rew=+5.871  start=0.98 completion=1.765 prog=+0.79  win=1  pool=9  speed=28.9  wheelie=0.38 drift=0.07
[iter  1516] ts= 8,756,232  eplen= 5034T  rew=+6.539  start=0.98 completion=1.654 prog=+0.68  win=1  pool=9  speed=25.4  wheelie=0.43 drift=0.09
[iter  1517] ts= 8,761,800  eplen= 5568T  rew=+6.349  start=0.98 completion=1.725 prog=+0.75  win=1  pool=9  speed=26.9  wheelie=0.39 drift=0.05
[iter  1518] ts= 8,766,318  eplen= 4518T  rew=+4.439  start=0.98 completion=1.530 prog=+0.55  win=0  pool=9  speed=23.1  wheelie=0.51 drift=0.06
[iter  1519] ts= 8,770,500  eplen= 4182T  rew=+7.780  start=0.98 completion=1.843 prog=+0.87  win=1  pool=9  speed=39.7  wheelie=0.44 drift=0.11
[iter  1520] ts= 8,776,764  eplen= 6264T  rew=+5.895  start=0.98 completion=1.791 prog=+0.81  win=1  pool=9  speed=24.7  wheelie=0.50 drift=0.06
[iter  1521] ts= 8,782,056  eplen= 5292T  rew=+7.616  start=0.98 completion=1.829 prog=+0.85  win=1  pool=9  speed=30.1  wheelie=0.49 drift=0.06
[iter  1522] ts= 8,786,628  eplen= 4572T  rew=+6.998  start=0.98 completion=1.801 prog=+0.82  win=0  pool=9  speed=37.6  wheelie=0.39 drift=0.12
[iter  1523] ts= 8,791,086  eplen= 4458T  rew=+7.025  start=0.98 completion=1.805 prog=+0.83  win=1  pool=9  speed=32.0  wheelie=0.54 drift=0.09
[iter  1524] ts= 8,795,460  eplen= 4374T  rew=+7.066  start=0.98 completion=1.778 prog=+0.80  win=0  pool=9  speed=38.3  wheelie=0.36 drift=0.14
[iter  1525] ts= 8,800,260  eplen= 4800T  rew=+7.193  start=0.98 completion=1.826 prog=+0.85  win=1  pool=9  speed=31.9  wheelie=0.48 drift=0.10
[iter  1526] ts= 8,806,200  eplen= 5940T  rew=+4.880  start=0.98 completion=1.690 prog=+0.71  win=1  pool=9  speed=21.2  wheelie=0.54 drift=0.07
[iter  1527] ts= 8,811,126  eplen= 4926T  rew=+6.450  start=0.98 completion=1.818 prog=+0.84  win=1  pool=9  speed=28.9  wheelie=0.49 drift=0.09
[iter  1528] ts= 8,818,026  eplen= 6900T  rew=+5.831  start=0.98 completion=1.695 prog=+0.72  win=0  pool=9  speed=19.2  wheelie=0.55 drift=0.05
[iter  1529] ts= 8,822,760  eplen= 4734T  rew=+5.659  start=0.98 completion=1.518 prog=+0.54  win=0  pool=9  speed=21.8  wheelie=0.53 drift=0.08
[iter  1530] ts= 8,830,488  eplen= 7728T  rew=+5.049  start=0.98 completion=1.826 prog=+0.85  win=1  pool=9  speed=20.5  wheelie=0.51 drift=0.06
[iter  1531] ts= 8,835,474  eplen= 4986T  rew=+7.716  start=0.98 completion=1.814 prog=+0.84  win=1  pool=9  speed=28.7  wheelie=0.46 drift=0.10
[iter  1532] ts= 8,840,262  eplen= 4788T  rew=+6.707  start=0.98 completion=1.812 prog=+0.83  win=1  pool=9  speed=31.4  wheelie=0.42 drift=0.08
[iter  1533] ts= 8,846,418  eplen= 6156T  rew=+6.940  start=0.98 completion=1.691 prog=+0.71  win=0  pool=9  speed=21.8  wheelie=0.50 drift=0.08
[iter  1534] ts= 8,855,172  eplen= 8754T  rew=+6.417  start=0.98 completion=1.826 prog=+0.85  win=1  pool=9  speed=18.6  wheelie=0.38 drift=0.05
[checkpoint] saved checkpoint_8855172.pt
[iter  1535] ts= 8,860,602  eplen= 5430T  rew=+6.900  start=0.98 completion=1.836 prog=+0.86  win=1  pool=9  speed=27.3  wheelie=0.39 drift=0.11
[iter  1536] ts= 8,865,330  eplen= 4728T  rew=+6.961  start=0.98 completion=1.825 prog=+0.85  win=1  pool=9  speed=30.5  wheelie=0.41 drift=0.07
[iter  1537] ts= 8,869,350  eplen= 4020T  rew=+8.098  start=0.98 completion=1.839 prog=+0.86  win=1  pool=9  speed=36.8  wheelie=0.39 drift=0.13
[iter  1538] ts= 8,873,568  eplen= 4218T  rew=+6.913  start=0.98 completion=1.831 prog=+0.85  win=0  pool=9  speed=39.7  wheelie=0.26 drift=0.15
[iter  1539] ts= 8,878,764  eplen= 5196T  rew=+7.372  start=0.98 completion=1.825 prog=+0.85  win=1  pool=9  speed=27.1  wheelie=0.41 drift=0.10
[iter  1540] ts= 8,883,312  eplen= 4548T  rew=+6.705  start=0.98 completion=1.716 prog=+0.74  win=0  pool=9  speed=32.7  wheelie=0.38 drift=0.15
[iter  1541] ts= 8,887,962  eplen= 4650T  rew=+6.705  start=0.98 completion=1.829 prog=+0.85  win=1  pool=9  speed=31.0  wheelie=0.40 drift=0.12
[iter  1542] ts= 8,892,888  eplen= 4926T  rew=+6.538  start=0.98 completion=1.797 prog=+0.82  win=1  pool=9  speed=31.5  wheelie=0.35 drift=0.20
[iter  1543] ts= 8,896,938  eplen= 4050T  rew=+7.543  start=0.98 completion=1.828 prog=+0.85  win=1  pool=9  speed=36.9  wheelie=0.40 drift=0.14
[iter  1544] ts= 8,900,874  eplen= 3936T  rew=+7.839  start=0.98 completion=1.838 prog=+0.86  win=0  pool=9  speed=38.6  wheelie=0.36 drift=0.14
[iter  1545] ts= 8,909,160  eplen= 8286T  rew=+2.204  start=0.98 completion=1.572 prog=+0.59  win=1  pool=9  speed=12.5  wheelie=0.44 drift=0.14
[iter  1546] ts= 8,913,324  eplen= 4164T  rew=+6.267  start=0.98 completion=1.677 prog=+0.70  win=1  pool=9  speed=31.5  wheelie=0.24 drift=0.19
[iter  1547] ts= 8,919,438  eplen= 6114T  rew=+5.714  start=0.98 completion=1.689 prog=+0.71  win=1  pool=9  speed=22.0  wheelie=0.27 drift=0.14
[iter  1548] ts= 8,939,442  eplen=20004   rew=+0.167  start=0.98 completion=2.089 prog=+1.11  win=1  pool=9  speed=10.1  wheelie=0.22 drift=0.12
[iter  1549] ts= 8,944,242  eplen= 4800T  rew=+6.531  start=0.98 completion=1.689 prog=+0.71  win=0  pool=9  speed=27.0  wheelie=0.29 drift=0.12
[iter  1550] ts= 8,949,606  eplen= 5364T  rew=+6.211  start=0.98 completion=1.709 prog=+0.73  win=0  pool=9  speed=25.6  wheelie=0.35 drift=0.11
[iter  1551] ts= 8,953,638  eplen= 4032T  rew=+7.035  start=0.98 completion=1.813 prog=+0.84  win=1  pool=9  speed=38.2  wheelie=0.35 drift=0.15
[iter  1552] ts= 8,957,754  eplen= 4116T  rew=+4.491  start=0.98 completion=1.453 prog=+0.48  win=0  pool=9  speed=22.6  wheelie=0.16 drift=0.15
[iter  1553] ts= 8,962,788  eplen= 5034T  rew=+7.678  start=0.98 completion=1.862 prog=+0.88  win=0  pool=9  speed=32.8  wheelie=0.28 drift=0.10
[iter  1554] ts= 8,968,560  eplen= 5772T  rew=+8.358  start=0.98 completion=1.898 prog=+0.92  win=1  pool=9  speed=30.1  wheelie=0.31 drift=0.11
[iter  1555] ts= 8,973,048  eplen= 4488T  rew=+6.148  start=0.98 completion=1.715 prog=+0.74  win=1  pool=9  speed=32.4  wheelie=0.37 drift=0.09
[iter  1556] ts= 8,979,180  eplen= 6132T  rew=+6.292  start=0.98 completion=1.862 prog=+0.89  win=1  pool=9  speed=25.9  wheelie=0.36 drift=0.13
[iter  1557] ts= 8,983,242  eplen= 4062T  rew=+5.928  start=0.98 completion=1.690 prog=+0.71  win=1  pool=9  speed=33.9  wheelie=0.34 drift=0.16
[iter  1558] ts= 8,988,210  eplen= 4968T  rew=+6.503  start=0.98 completion=1.814 prog=+0.84  win=1  pool=9  speed=28.9  wheelie=0.41 drift=0.09
[iter  1559] ts= 8,993,322  eplen= 5112T  rew=+6.967  start=0.98 completion=1.824 prog=+0.85  win=1  pool=9  speed=31.3  wheelie=0.36 drift=0.12
[iter  1560] ts= 8,998,020  eplen= 4698T  rew=+6.948  start=0.98 completion=1.798 prog=+0.82  win=1  pool=9  speed=31.7  wheelie=0.38 drift=0.11
[iter  1561] ts= 9,002,502  eplen= 4482T  rew=+6.583  start=0.98 completion=1.823 prog=+0.85  win=1  pool=9  speed=31.2  wheelie=0.41 drift=0.07
[iter  1562] ts= 9,007,620  eplen= 5118T  rew=+7.354  start=0.98 completion=1.854 prog=+0.88  win=1  pool=9  speed=30.8  wheelie=0.38 drift=0.07
[iter  1563] ts= 9,013,548  eplen= 5928T  rew=+6.022  start=0.98 completion=1.815 prog=+0.84  win=1  pool=9  speed=24.3  wheelie=0.46 drift=0.04
[iter  1564] ts= 9,019,248  eplen= 5700T  rew=+6.334  start=0.98 completion=1.824 prog=+0.85  win=1  pool=9  speed=25.0  wheelie=0.42 drift=0.06
[iter  1565] ts= 9,023,442  eplen= 4194T  rew=+6.869  start=0.98 completion=1.798 prog=+0.82  win=1  pool=9  speed=34.8  wheelie=0.34 drift=0.13
[selfplay] pushed snapshot (pool=10)
[iter  1566] ts= 9,029,250  eplen= 5808T  rew=+6.958  start=0.98 completion=1.838 prog=+0.86  win=0  pool=10  speed=29.2  wheelie=0.39 drift=0.09
[iter  1567] ts= 9,034,890  eplen= 5640T  rew=+6.447  start=0.98 completion=1.823 prog=+0.85  win=0  pool=10  speed=28.5  wheelie=0.36 drift=0.08
[iter  1568] ts= 9,040,206  eplen= 5316T  rew=+6.163  start=0.98 completion=1.804 prog=+0.83  win=1  pool=10  speed=25.3  wheelie=0.37 drift=0.08
[iter  1569] ts= 9,044,340  eplen= 4134T  rew=+7.192  start=0.98 completion=1.747 prog=+0.77  win=0  pool=10  speed=37.3  wheelie=0.30 drift=0.08
[iter  1570] ts= 9,048,492  eplen= 4152T  rew=+6.262  start=0.98 completion=1.774 prog=+0.80  win=0  pool=10  speed=36.7  wheelie=0.31 drift=0.10
[iter  1571] ts= 9,054,918  eplen= 6426T  rew=+5.816  start=0.98 completion=1.682 prog=+0.70  win=0  pool=10  speed=19.0  wheelie=0.42 drift=0.04
[iter  1572] ts= 9,059,904  eplen= 4986T  rew=+6.408  start=0.98 completion=1.821 prog=+0.84  win=0  pool=10  speed=30.2  wheelie=0.37 drift=0.08
[iter  1573] ts= 9,064,686  eplen= 4782T  rew=+6.184  start=0.98 completion=1.779 prog=+0.80  win=1  pool=10  speed=29.7  wheelie=0.35 drift=0.08
[iter  1574] ts= 9,069,468  eplen= 4782T  rew=+6.949  start=0.98 completion=1.824 prog=+0.85  win=1  pool=10  speed=34.9  wheelie=0.29 drift=0.10
[iter  1575] ts= 9,076,656  eplen= 7188T  rew=+5.755  start=0.98 completion=1.816 prog=+0.84  win=1  pool=10  speed=21.0  wheelie=0.34 drift=0.04
[iter  1576] ts= 9,080,946  eplen= 4290T  rew=+6.761  start=0.98 completion=1.763 prog=+0.79  win=1  pool=10  speed=37.2  wheelie=0.27 drift=0.14
[iter  1577] ts= 9,085,512  eplen= 4566T  rew=+7.479  start=0.98 completion=1.837 prog=+0.86  win=0  pool=10  speed=38.4  wheelie=0.36 drift=0.11
[iter  1578] ts= 9,089,358  eplen= 3846T  rew=+7.413  start=0.98 completion=1.821 prog=+0.84  win=1  pool=10  speed=37.6  wheelie=0.33 drift=0.09
[iter  1579] ts= 9,095,256  eplen= 5898T  rew=+6.132  start=0.98 completion=1.866 prog=+0.89  win=1  pool=10  speed=26.9  wheelie=0.36 drift=0.07
[iter  1580] ts= 9,100,440  eplen= 5184T  rew=+7.664  start=0.98 completion=1.861 prog=+0.88  win=1  pool=10  speed=31.9  wheelie=0.34 drift=0.11
[iter  1581] ts= 9,105,786  eplen= 5346T  rew=+7.026  start=0.98 completion=1.825 prog=+0.85  win=1  pool=10  speed=26.8  wheelie=0.46 drift=0.07
[iter  1582] ts= 9,111,576  eplen= 5790T  rew=+7.004  start=0.98 completion=1.842 prog=+0.86  win=1  pool=10  speed=26.0  wheelie=0.45 drift=0.07
[iter  1583] ts= 9,123,072  eplen=11496T  rew=+8.096  start=0.98 completion=2.330 prog=+1.35  win=1  pool=10  speed=21.0  wheelie=0.45 drift=0.08
[iter  1584] ts= 9,128,364  eplen= 5292T  rew=+5.946  start=0.98 completion=1.688 prog=+0.71  win=0  pool=10  speed=26.8  wheelie=0.36 drift=0.13
[iter  1585] ts= 9,132,150  eplen= 3786T  rew=+6.929  start=0.98 completion=1.755 prog=+0.78  win=1  pool=10  speed=36.0  wheelie=0.40 drift=0.12
[iter  1586] ts= 9,136,476  eplen= 4326T  rew=+6.804  start=0.98 completion=1.796 prog=+0.82  win=1  pool=10  speed=35.1  wheelie=0.34 drift=0.13
[iter  1587] ts= 9,142,086  eplen= 5610T  rew=+6.993  start=0.98 completion=1.773 prog=+0.80  win=0  pool=10  speed=26.0  wheelie=0.36 drift=0.12
[iter  1588] ts= 9,146,532  eplen= 4446T  rew=+7.101  start=0.98 completion=1.852 prog=+0.87  win=1  pool=10  speed=32.9  wheelie=0.40 drift=0.08
[iter  1589] ts= 9,163,008  eplen=16476T  rew=+3.218  start=0.98 completion=2.080 prog=+1.10  win=1  pool=10  speed=13.1  wheelie=0.29 drift=0.11
[iter  1590] ts= 9,168,126  eplen= 5118T  rew=+7.646  start=0.98 completion=1.801 prog=+0.82  win=0  pool=10  speed=26.0  wheelie=0.32 drift=0.08
[iter  1591] ts= 9,173,082  eplen= 4956T  rew=+6.774  start=0.98 completion=1.819 prog=+0.84  win=0  pool=10  speed=33.5  wheelie=0.29 drift=0.15
[iter  1592] ts= 9,179,496  eplen= 6414T  rew=+6.166  start=0.98 completion=1.856 prog=+0.88  win=1  pool=10  speed=26.0  wheelie=0.29 drift=0.08
[iter  1593] ts= 9,183,084  eplen= 3588T  rew=+6.473  start=0.98 completion=1.663 prog=+0.69  win=0  pool=10  speed=36.0  wheelie=0.25 drift=0.14
[iter  1594] ts= 9,190,380  eplen= 7296T  rew=+7.669  start=0.98 completion=1.852 prog=+0.87  win=0  pool=10  speed=27.1  wheelie=0.30 drift=0.09
[iter  1595] ts= 9,195,312  eplen= 4932T  rew=+7.146  start=0.98 completion=1.808 prog=+0.83  win=1  pool=10  speed=36.3  wheelie=0.32 drift=0.12
[iter  1596] ts= 9,199,932  eplen= 4620T  rew=+6.658  start=0.98 completion=1.828 prog=+0.85  win=1  pool=10  speed=32.0  wheelie=0.36 drift=0.11
[iter  1597] ts= 9,204,630  eplen= 4698T  rew=+7.199  start=0.98 completion=1.847 prog=+0.87  win=1  pool=10  speed=31.3  wheelie=0.28 drift=0.10
[iter  1598] ts= 9,208,494  eplen= 3864T  rew=+6.276  start=0.98 completion=1.674 prog=+0.70  win=0  pool=10  speed=33.1  wheelie=0.28 drift=0.11
[iter  1599] ts= 9,213,378  eplen= 4884T  rew=+6.439  start=0.98 completion=1.692 prog=+0.71  win=0  pool=10  speed=25.0  wheelie=0.22 drift=0.09
[iter  1600] ts= 9,219,498  eplen= 6120T  rew=+6.624  start=0.98 completion=1.837 prog=+0.86  win=1  pool=10  speed=26.0  wheelie=0.20 drift=0.09
[iter  1601] ts= 9,224,316  eplen= 4818T  rew=+6.502  start=0.98 completion=1.810 prog=+0.83  win=1  pool=10  speed=30.1  wheelie=0.20 drift=0.09
[iter  1602] ts= 9,228,936  eplen= 4620T  rew=+5.921  start=0.98 completion=1.611 prog=+0.63  win=0  pool=10  speed=24.9  wheelie=0.20 drift=0.11
[iter  1603] ts= 9,233,946  eplen= 5010T  rew=+7.433  start=0.98 completion=1.817 prog=+0.84  win=1  pool=10  speed=30.0  wheelie=0.17 drift=0.07
[iter  1604] ts= 9,244,110  eplen=10164T  rew=+8.280  start=0.98 completion=2.195 prog=+1.22  win=1  pool=10  speed=22.3  wheelie=0.19 drift=0.09
[iter  1605] ts= 9,248,292  eplen= 4182T  rew=+6.522  start=0.98 completion=1.683 prog=+0.71  win=1  pool=10  speed=30.9  wheelie=0.24 drift=0.11
[iter  1606] ts= 9,260,340  eplen=12048T  rew=+9.132  start=0.98 completion=2.325 prog=+1.35  win=1  pool=10  speed=23.4  wheelie=0.19 drift=0.14
[checkpoint] saved checkpoint_9260340.pt
[iter  1607] ts= 9,264,582  eplen= 4242T  rew=+7.881  start=0.98 completion=1.832 prog=+0.85  win=1  pool=10  speed=41.6  wheelie=0.21 drift=0.14
[iter  1608] ts= 9,268,872  eplen= 4290T  rew=+6.456  start=0.98 completion=1.814 prog=+0.84  win=1  pool=10  speed=34.8  wheelie=0.26 drift=0.12
[iter  1609] ts= 9,272,934  eplen= 4062T  rew=+5.267  start=0.98 completion=1.528 prog=+0.55  win=0  pool=10  speed=27.1  wheelie=0.17 drift=0.13
[iter  1610] ts= 9,286,608  eplen=13674T  rew=+11.396  start=0.98 completion=2.581 prog=+1.60  win=1  pool=10  speed=23.4  wheelie=0.21 drift=0.17
[iter  1611] ts= 9,292,362  eplen= 5754T  rew=+7.757  start=0.98 completion=1.825 prog=+0.85  win=1  pool=10  speed=26.9  wheelie=0.22 drift=0.08
[iter  1612] ts= 9,296,556  eplen= 4194T  rew=+6.986  start=0.98 completion=1.844 prog=+0.87  win=1  pool=10  speed=36.2  wheelie=0.29 drift=0.12
[iter  1613] ts= 9,301,380  eplen= 4824T  rew=+6.565  start=0.98 completion=1.711 prog=+0.73  win=1  pool=10  speed=27.7  wheelie=0.27 drift=0.09
[iter  1614] ts= 9,306,072  eplen= 4692T  rew=+3.693  start=0.98 completion=1.384 prog=+0.41  win=0  pool=10  speed=17.2  wheelie=0.13 drift=0.10
[iter  1615] ts= 9,309,738  eplen= 3666T  rew=+7.623  start=0.98 completion=1.819 prog=+0.84  win=1  pool=10  speed=38.2  wheelie=0.23 drift=0.14
[iter  1616] ts= 9,316,158  eplen= 6420T  rew=+7.123  start=0.98 completion=1.827 prog=+0.85  win=1  pool=10  speed=28.8  wheelie=0.21 drift=0.14
[iter  1617] ts= 9,321,144  eplen= 4986T  rew=+7.884  start=0.98 completion=1.824 prog=+0.85  win=1  pool=10  speed=26.9  wheelie=0.22 drift=0.11
[iter  1618] ts= 9,326,694  eplen= 5550T  rew=+6.913  start=0.98 completion=1.820 prog=+0.84  win=1  pool=10  speed=30.5  wheelie=0.22 drift=0.11
[iter  1619] ts= 9,331,704  eplen= 5010T  rew=+6.963  start=0.98 completion=1.835 prog=+0.86  win=0  pool=10  speed=31.7  wheelie=0.22 drift=0.12
[iter  1620] ts= 9,335,970  eplen= 4266T  rew=+5.954  start=0.98 completion=1.621 prog=+0.64  win=0  pool=10  speed=28.0  wheelie=0.18 drift=0.11
[iter  1621] ts= 9,346,350  eplen=10380T  rew=+9.119  start=0.98 completion=2.191 prog=+1.21  win=1  pool=10  speed=20.2  wheelie=0.19 drift=0.08
[iter  1622] ts= 9,350,826  eplen= 4476T  rew=+6.874  start=0.98 completion=1.810 prog=+0.83  win=1  pool=10  speed=32.3  wheelie=0.24 drift=0.13
[iter  1623] ts= 9,357,504  eplen= 6678T  rew=+6.292  start=0.98 completion=1.838 prog=+0.86  win=0  pool=10  speed=24.4  wheelie=0.16 drift=0.10
[iter  1624] ts= 9,362,580  eplen= 5076T  rew=+6.628  start=0.98 completion=1.827 prog=+0.85  win=1  pool=10  speed=29.0  wheelie=0.19 drift=0.10
[iter  1625] ts= 9,367,026  eplen= 4446T  rew=+7.786  start=0.98 completion=1.829 prog=+0.85  win=1  pool=10  speed=34.0  wheelie=0.19 drift=0.11
[iter  1626] ts= 9,371,436  eplen= 4410T  rew=+6.517  start=0.98 completion=1.804 prog=+0.83  win=1  pool=10  speed=32.9  wheelie=0.23 drift=0.11
[iter  1627] ts= 9,375,978  eplen= 4542T  rew=+6.835  start=0.98 completion=1.807 prog=+0.83  win=1  pool=10  speed=30.3  wheelie=0.29 drift=0.10
[iter  1628] ts= 9,381,924  eplen= 5946T  rew=+7.029  start=0.98 completion=1.759 prog=+0.78  win=0  pool=10  speed=27.3  wheelie=0.22 drift=0.08
[iter  1629] ts= 9,386,934  eplen= 5010T  rew=+7.065  start=0.98 completion=1.845 prog=+0.87  win=1  pool=10  speed=34.2  wheelie=0.23 drift=0.12
[iter  1630] ts= 9,391,014  eplen= 4080T  rew=+8.208  start=0.98 completion=1.833 prog=+0.86  win=1  pool=10  speed=36.9  wheelie=0.21 drift=0.09
[iter  1631] ts= 9,395,568  eplen= 4554T  rew=+7.277  start=0.98 completion=1.838 prog=+0.86  win=1  pool=10  speed=31.8  wheelie=0.26 drift=0.10
[iter  1632] ts= 9,400,146  eplen= 4578T  rew=+7.753  start=0.98 completion=1.859 prog=+0.88  win=1  pool=10  speed=32.8  wheelie=0.22 drift=0.10
[iter  1633] ts= 9,404,616  eplen= 4470T  rew=+6.442  start=0.98 completion=1.685 prog=+0.71  win=0  pool=10  speed=27.4  wheelie=0.24 drift=0.10
[iter  1634] ts= 9,411,678  eplen= 7062T  rew=+5.626  start=0.98 completion=1.777 prog=+0.80  win=1  pool=10  speed=22.0  wheelie=0.26 drift=0.06
[iter  1635] ts= 9,415,602  eplen= 3924T  rew=+7.139  start=0.98 completion=1.833 prog=+0.86  win=1  pool=10  speed=36.4  wheelie=0.34 drift=0.10
[iter  1636] ts= 9,420,372  eplen= 4770T  rew=+6.976  start=0.98 completion=1.834 prog=+0.86  win=1  pool=10  speed=31.1  wheelie=0.30 drift=0.10
[iter  1637] ts= 9,424,548  eplen= 4176T  rew=+7.629  start=0.98 completion=1.804 prog=+0.83  win=1  pool=10  speed=34.8  wheelie=0.30 drift=0.13
[iter  1638] ts= 9,431,226  eplen= 6678T  rew=+5.597  start=0.98 completion=1.842 prog=+0.86  win=1  pool=10  speed=24.3  wheelie=0.40 drift=0.09
[iter  1639] ts= 9,438,216  eplen= 6990T  rew=+4.920  start=0.98 completion=1.623 prog=+0.65  win=0  pool=10  speed=16.6  wheelie=0.29 drift=0.12
[iter  1640] ts= 9,443,004  eplen= 4788T  rew=+3.919  start=0.98 completion=1.415 prog=+0.44  win=0  pool=10  speed=19.9  wheelie=0.23 drift=0.08
[iter  1641] ts= 9,448,632  eplen= 5628T  rew=+7.776  start=0.98 completion=1.818 prog=+0.84  win=1  pool=10  speed=26.8  wheelie=0.35 drift=0.08
[iter  1642] ts= 9,452,112  eplen= 3480T  rew=+6.274  start=0.98 completion=1.646 prog=+0.67  win=0  pool=10  speed=33.2  wheelie=0.26 drift=0.15
[iter  1643] ts= 9,456,126  eplen= 4014T  rew=+7.502  start=0.98 completion=1.757 prog=+0.78  win=0  pool=10  speed=35.4  wheelie=0.31 drift=0.12
[iter  1644] ts= 9,457,728  eplen= 1602T  rew=+1.976  start=0.98 completion=1.105 prog=+0.13  win=0  pool=10  speed=19.3  wheelie=0.12 drift=0.12
[iter  1645] ts= 9,466,086  eplen= 8358T  rew=+8.374  start=0.98 completion=1.973 prog=+1.00  win=1  pool=10  speed=21.1  wheelie=0.29 drift=0.09
[iter  1646] ts= 9,470,298  eplen= 4212T  rew=+4.322  start=0.98 completion=1.478 prog=+0.50  win=1  pool=10  speed=21.4  wheelie=0.29 drift=0.05
[iter  1647] ts= 9,474,528  eplen= 4230T  rew=+7.357  start=0.98 completion=1.832 prog=+0.85  win=1  pool=10  speed=33.7  wheelie=0.34 drift=0.10
[iter  1648] ts= 9,481,044  eplen= 6516T  rew=+6.055  start=0.98 completion=1.689 prog=+0.71  win=0  pool=10  speed=18.5  wheelie=0.35 drift=0.08
[iter  1649] ts= 9,484,908  eplen= 3864T  rew=+7.719  start=0.98 completion=1.821 prog=+0.84  win=1  pool=10  speed=38.8  wheelie=0.23 drift=0.11
[iter  1650] ts= 9,489,228  eplen= 4320T  rew=+7.012  start=0.98 completion=1.857 prog=+0.88  win=1  pool=10  speed=36.1  wheelie=0.34 drift=0.10
[iter  1651] ts= 9,494,508  eplen= 5280T  rew=+6.547  start=0.98 completion=1.817 prog=+0.84  win=1  pool=10  speed=27.3  wheelie=0.39 drift=0.08
[iter  1652] ts= 9,499,290  eplen= 4782T  rew=+6.945  start=0.98 completion=1.854 prog=+0.88  win=1  pool=10  speed=33.6  wheelie=0.29 drift=0.07
[iter  1653] ts= 9,503,850  eplen= 4560T  rew=+7.771  start=0.98 completion=1.830 prog=+0.85  win=1  pool=10  speed=34.5  wheelie=0.32 drift=0.12
[iter  1654] ts= 9,508,536  eplen= 4686T  rew=+6.585  start=0.98 completion=1.770 prog=+0.79  win=1  pool=10  speed=27.7  wheelie=0.33 drift=0.10
[iter  1655] ts= 9,517,440  eplen= 8904T  rew=+14.983  start=0.98 completion=2.751 prog=+1.77  win=1  pool=10  speed=32.6  wheelie=0.27 drift=0.11
[iter  1656] ts= 9,524,550  eplen= 7110T  rew=+6.451  start=0.98 completion=1.856 prog=+0.88  win=1  pool=10  speed=24.1  wheelie=0.26 drift=0.06
[iter  1657] ts= 9,530,016  eplen= 5466T  rew=+6.190  start=0.98 completion=1.837 prog=+0.86  win=1  pool=10  speed=27.5  wheelie=0.37 drift=0.07
[iter  1658] ts= 9,538,932  eplen= 8916T  rew=+5.104  start=0.98 completion=1.838 prog=+0.86  win=0  pool=10  speed=18.6  wheelie=0.34 drift=0.08
[iter  1659] ts= 9,546,264  eplen= 7332T  rew=+5.917  start=0.98 completion=1.830 prog=+0.85  win=1  pool=10  speed=19.9  wheelie=0.27 drift=0.08
[iter  1660] ts= 9,553,290  eplen= 7026T  rew=+7.770  start=0.98 completion=1.854 prog=+0.88  win=0  pool=10  speed=24.2  wheelie=0.24 drift=0.09
[iter  1661] ts= 9,573,294  eplen=20004   rew=+1.271  start=0.98 completion=2.076 prog=+1.10  win=1  pool=10  speed=10.0  wheelie=0.21 drift=0.12
[iter  1662] ts= 9,577,716  eplen= 4422T  rew=+7.318  start=0.98 completion=1.834 prog=+0.86  win=1  pool=10  speed=36.2  wheelie=0.26 drift=0.07
[iter  1663] ts= 9,597,720  eplen=20004   rew=+4.931  start=0.98 completion=2.247 prog=+1.27  win=1  pool=10  speed=11.4  wheelie=0.27 drift=0.12
[iter  1664] ts= 9,602,196  eplen= 4476T  rew=+7.150  start=0.98 completion=1.838 prog=+0.86  win=1  pool=10  speed=33.4  wheelie=0.24 drift=0.10
[iter  1665] ts= 9,606,684  eplen= 4488T  rew=+7.573  start=0.98 completion=1.843 prog=+0.87  win=1  pool=10  speed=32.9  wheelie=0.24 drift=0.09
[iter  1666] ts= 9,613,848  eplen= 7164T  rew=+7.100  start=0.98 completion=1.922 prog=+0.94  win=1  pool=10  speed=22.9  wheelie=0.19 drift=0.06
[iter  1667] ts= 9,625,356  eplen=11508T  rew=+5.492  start=0.98 completion=2.061 prog=+1.08  win=0  pool=10  speed=18.6  wheelie=0.15 drift=0.08
[iter  1668] ts= 9,629,928  eplen= 4572T  rew=+7.311  start=0.98 completion=1.859 prog=+0.88  win=1  pool=10  speed=30.3  wheelie=0.24 drift=0.09
[iter  1669] ts= 9,634,926  eplen= 4998T  rew=+6.211  start=0.98 completion=1.825 prog=+0.85  win=1  pool=10  speed=29.7  wheelie=0.26 drift=0.10
[iter  1670] ts= 9,639,300  eplen= 4374T  rew=+7.092  start=0.98 completion=1.847 prog=+0.87  win=1  pool=10  speed=33.8  wheelie=0.33 drift=0.09
[iter  1671] ts= 9,644,154  eplen= 4854T  rew=+6.859  start=0.98 completion=1.827 prog=+0.85  win=1  pool=10  speed=28.0  wheelie=0.36 drift=0.09
[iter  1672] ts= 9,663,036  eplen=18882T  rew=+17.210  start=0.98 completion=3.601 prog=+2.62  win=1  pool=10  speed=25.7  wheelie=0.33 drift=0.10
[checkpoint] saved checkpoint_9663036.pt
[iter  1673] ts= 9,668,124  eplen= 5088T  rew=+6.356  start=0.98 completion=1.825 prog=+0.85  win=0  pool=10  speed=27.8  wheelie=0.40 drift=0.09
[iter  1674] ts= 9,678,636  eplen=10512T  rew=+6.250  start=0.98 completion=2.037 prog=+1.06  win=1  pool=10  speed=18.9  wheelie=0.33 drift=0.13
[iter  1675] ts= 9,684,168  eplen= 5532T  rew=+6.358  start=0.98 completion=1.842 prog=+0.86  win=1  pool=10  speed=27.3  wheelie=0.44 drift=0.06
[iter  1676] ts= 9,695,616  eplen=11448T  rew=+4.977  start=0.98 completion=1.998 prog=+1.02  win=1  pool=10  speed=14.9  wheelie=0.29 drift=0.14
[iter  1677] ts= 9,701,010  eplen= 5394T  rew=+5.176  start=0.98 completion=1.574 prog=+0.60  win=0  pool=10  speed=18.9  wheelie=0.30 drift=0.10
[iter  1678] ts= 9,706,524  eplen= 5514T  rew=+7.374  start=0.98 completion=1.810 prog=+0.83  win=0  pool=10  speed=26.3  wheelie=0.46 drift=0.05
[iter  1679] ts= 9,710,832  eplen= 4308T  rew=+6.925  start=0.98 completion=1.849 prog=+0.87  win=1  pool=10  speed=35.8  wheelie=0.37 drift=0.10
[iter  1680] ts= 9,715,788  eplen= 4956T  rew=+6.975  start=0.98 completion=1.847 prog=+0.87  win=1  pool=10  speed=31.6  wheelie=0.48 drift=0.08
[iter  1681] ts= 9,723,138  eplen= 7350T  rew=+5.250  start=0.98 completion=1.800 prog=+0.82  win=1  pool=10  speed=18.9  wheelie=0.47 drift=0.06
[iter  1682] ts= 9,727,620  eplen= 4482T  rew=+5.825  start=0.98 completion=1.723 prog=+0.75  win=1  pool=10  speed=28.4  wheelie=0.50 drift=0.11
[iter  1683] ts= 9,731,064  eplen= 3444T  rew=+2.484  start=0.98 completion=1.260 prog=+0.28  win=1  pool=10  speed=16.5  wheelie=0.21 drift=0.13
[iter  1684] ts= 9,737,406  eplen= 6342T  rew=+5.566  start=0.98 completion=1.711 prog=+0.73  win=0  pool=10  speed=20.3  wheelie=0.50 drift=0.09
[iter  1685] ts= 9,741,990  eplen= 4584T  rew=+6.991  start=0.98 completion=1.806 prog=+0.83  win=0  pool=10  speed=29.4  wheelie=0.43 drift=0.10
[iter  1686] ts= 9,746,718  eplen= 4728T  rew=+7.762  start=0.98 completion=1.816 prog=+0.84  win=0  pool=10  speed=31.4  wheelie=0.41 drift=0.08
[iter  1687] ts= 9,751,698  eplen= 4980T  rew=+6.769  start=0.98 completion=1.725 prog=+0.75  win=0  pool=10  speed=29.3  wheelie=0.42 drift=0.12
[iter  1688] ts= 9,756,600  eplen= 4902T  rew=+7.761  start=0.98 completion=1.883 prog=+0.91  win=1  pool=10  speed=33.2  wheelie=0.35 drift=0.10
[iter  1689] ts= 9,763,422  eplen= 6822T  rew=+8.265  start=0.98 completion=1.981 prog=+1.00  win=1  pool=10  speed=25.6  wheelie=0.33 drift=0.08
[iter  1690] ts= 9,767,970  eplen= 4548T  rew=+3.613  start=0.98 completion=1.375 prog=+0.40  win=0  pool=10  speed=16.8  wheelie=0.32 drift=0.09
[iter  1691] ts= 9,773,256  eplen= 5286T  rew=+6.488  start=0.98 completion=1.730 prog=+0.75  win=1  pool=10  speed=28.6  wheelie=0.34 drift=0.09
[iter  1692] ts= 9,776,796  eplen= 3540T  rew=+7.128  start=0.98 completion=1.729 prog=+0.75  win=1  pool=10  speed=36.8  wheelie=0.32 drift=0.12
[iter  1693] ts= 9,783,000  eplen= 6204T  rew=+7.128  start=0.98 completion=1.914 prog=+0.94  win=1  pool=10  speed=25.2  wheelie=0.42 drift=0.07
[iter  1694] ts= 9,787,806  eplen= 4806T  rew=+7.326  start=0.98 completion=1.827 prog=+0.85  win=0  pool=10  speed=32.0  wheelie=0.46 drift=0.09
[iter  1695] ts= 9,795,492  eplen= 7686T  rew=+6.857  start=0.98 completion=1.987 prog=+1.01  win=1  pool=10  speed=24.1  wheelie=0.40 drift=0.09
[iter  1696] ts= 9,801,048  eplen= 5556T  rew=+6.865  start=0.98 completion=1.878 prog=+0.90  win=1  pool=10  speed=30.0  wheelie=0.47 drift=0.07
[iter  1697] ts= 9,806,778  eplen= 5730T  rew=+7.541  start=0.98 completion=1.932 prog=+0.95  win=1  pool=10  speed=30.6  wheelie=0.44 drift=0.10
[iter  1698] ts= 9,808,362  eplen= 1584T  rew=+1.923  start=0.98 completion=1.115 prog=+0.14  win=0  pool=10  speed=21.2  wheelie=0.15 drift=0.12
[iter  1699] ts= 9,813,384  eplen= 5022T  rew=+6.939  start=0.98 completion=1.845 prog=+0.87  win=0  pool=10  speed=30.3  wheelie=0.45 drift=0.08
[iter  1700] ts= 9,817,314  eplen= 3930T  rew=+6.053  start=0.98 completion=1.628 prog=+0.65  win=1  pool=10  speed=31.2  wheelie=0.35 drift=0.11
[iter  1701] ts= 9,837,318  eplen=20004   rew=+2.398  start=0.98 completion=2.096 prog=+1.12  win=1  pool=10  speed=13.7  wheelie=0.31 drift=0.12
[iter  1702] ts= 9,841,686  eplen= 4368T  rew=+6.674  start=0.98 completion=1.689 prog=+0.71  win=0  pool=10  speed=29.7  wheelie=0.39 drift=0.10
[iter  1703] ts= 9,848,208  eplen= 6522T  rew=+4.072  start=0.98 completion=1.456 prog=+0.48  win=0  pool=10  speed=15.7  wheelie=0.19 drift=0.09
[iter  1704] ts= 9,852,618  eplen= 4410T  rew=+7.592  start=0.98 completion=1.810 prog=+0.83  win=0  pool=10  speed=36.1  wheelie=0.30 drift=0.11
[iter  1705] ts= 9,857,502  eplen= 4884T  rew=+4.012  start=0.98 completion=1.353 prog=+0.38  win=0  pool=10  speed=14.8  wheelie=0.34 drift=0.05
[iter  1706] ts= 9,861,858  eplen= 4356T  rew=+6.472  start=0.98 completion=1.685 prog=+0.71  win=0  pool=10  speed=29.8  wheelie=0.33 drift=0.08
[iter  1707] ts= 9,872,250  eplen=10392T  rew=+10.789  start=0.98 completion=2.336 prog=+1.36  win=1  pool=10  speed=27.1  wheelie=0.33 drift=0.08
[iter  1708] ts= 9,879,972  eplen= 7722T  rew=+4.613  start=0.98 completion=1.786 prog=+0.81  win=1  pool=10  speed=20.0  wheelie=0.44 drift=0.09
[iter  1709] ts= 9,883,710  eplen= 3738T  rew=+5.786  start=0.98 completion=1.649 prog=+0.67  win=0  pool=10  speed=32.1  wheelie=0.43 drift=0.12
[iter  1710] ts= 9,888,570  eplen= 4860T  rew=+6.613  start=0.98 completion=1.835 prog=+0.86  win=1  pool=10  speed=31.4  wheelie=0.39 drift=0.10
[iter  1711] ts= 9,897,402  eplen= 8832T  rew=+7.996  start=0.98 completion=2.113 prog=+1.14  win=1  pool=10  speed=21.4  wheelie=0.18 drift=0.18
[iter  1712] ts= 9,901,308  eplen= 3906T  rew=+5.291  start=0.98 completion=1.527 prog=+0.55  win=0  pool=10  speed=25.3  wheelie=0.27 drift=0.09
[iter  1713] ts= 9,907,482  eplen= 6174T  rew=+2.177  start=0.98 completion=1.198 prog=+0.22  win=0  pool=10  speed=6.9  wheelie=0.15 drift=0.09
[iter  1714] ts= 9,912,300  eplen= 4818T  rew=+4.268  start=0.98 completion=1.387 prog=+0.41  win=0  pool=10  speed=17.5  wheelie=0.23 drift=0.06
[iter  1715] ts= 9,918,090  eplen= 5790T  rew=+1.373  start=0.98 completion=1.093 prog=+0.12  win=0  pool=10  speed=4.5  wheelie=0.12 drift=0.09
[iter  1716] ts= 9,922,164  eplen= 4074T  rew=+6.855  start=0.98 completion=1.794 prog=+0.82  win=1  pool=10  speed=34.6  wheelie=0.35 drift=0.11
[iter  1717] ts= 9,924,768  eplen= 2604T  rew=+1.779  start=0.98 completion=1.093 prog=+0.12  win=0  pool=10  speed=9.2  wheelie=0.20 drift=0.03
[iter  1718] ts= 9,932,112  eplen= 7344T  rew=+5.186  start=0.98 completion=1.506 prog=+0.53  win=0  pool=10  speed=13.5  wheelie=0.27 drift=0.07
[iter  1719] ts= 9,936,732  eplen= 4620T  rew=+6.983  start=0.98 completion=1.695 prog=+0.72  win=0  pool=10  speed=28.9  wheelie=0.27 drift=0.08
[iter  1720] ts= 9,941,982  eplen= 5250T  rew=+3.962  start=0.98 completion=1.380 prog=+0.40  win=0  pool=10  speed=15.4  wheelie=0.27 drift=0.03
[iter  1721] ts= 9,947,112  eplen= 5130T  rew=+3.890  start=0.98 completion=1.388 prog=+0.41  win=0  pool=10  speed=14.2  wheelie=0.28 drift=0.04
[iter  1722] ts= 9,957,708  eplen=10596T  rew=+9.402  start=0.98 completion=2.165 prog=+1.19  win=1  pool=10  speed=18.1  wheelie=0.25 drift=0.09
[iter  1723] ts= 9,961,962  eplen= 4254T  rew=+4.042  start=0.98 completion=1.396 prog=+0.42  win=0  pool=10  speed=18.2  wheelie=0.21 drift=0.05
[iter  1724] ts= 9,968,220  eplen= 6258T  rew=+5.767  start=0.98 completion=1.525 prog=+0.55  win=0  pool=10  speed=20.0  wheelie=0.27 drift=0.04
[iter  1725] ts= 9,981,540  eplen=13320T  rew=+9.394  start=0.98 completion=2.249 prog=+1.27  win=1  pool=10  speed=18.1  wheelie=0.19 drift=0.15
[iter  1726] ts= 9,990,228  eplen= 8688T  rew=+6.107  start=0.98 completion=1.742 prog=+0.77  win=1  pool=10  speed=19.4  wheelie=0.31 drift=0.05
[iter  1727] ts=10,004,628  eplen=14400T  rew=+8.421  start=0.98 completion=2.144 prog=+1.17  win=1  pool=10  speed=18.4  wheelie=0.25 drift=0.09
[iter  1728] ts=10,009,572  eplen= 4944T  rew=+7.098  start=0.98 completion=1.657 prog=+0.68  win=0  pool=10  speed=26.1  wheelie=0.30 drift=0.04
[iter  1729] ts=10,021,890  eplen=12318T  rew=+8.499  start=0.98 completion=2.116 prog=+1.14  win=1  pool=10  speed=18.0  wheelie=0.24 drift=0.11
[iter  1730] ts=10,027,446  eplen= 5556T  rew=+6.861  start=0.98 completion=1.864 prog=+0.89  win=1  pool=10  speed=30.0  wheelie=0.35 drift=0.05
[selfplay] pushed snapshot (pool=10)
[iter  1731] ts=10,031,694  eplen= 4248T  rew=+6.742  start=0.98 completion=1.661 prog=+0.68  win=1  pool=10  speed=30.4  wheelie=0.31 drift=0.05
[iter  1732] ts=10,040,094  eplen= 8400T  rew=+7.338  start=0.98 completion=1.752 prog=+0.77  win=0  pool=10  speed=22.0  wheelie=0.27 drift=0.04
[iter  1733] ts=10,049,478  eplen= 9384T  rew=+12.336  start=0.98 completion=2.488 prog=+1.51  win=1  pool=10  speed=28.3  wheelie=0.34 drift=0.04
[iter  1734] ts=10,067,772  eplen=18294T  rew=+21.378  start=0.98 completion=3.682 prog=+2.70  win=1  pool=10  speed=24.4  wheelie=0.39 drift=0.04
[checkpoint] saved checkpoint_10067772.pt
[iter  1735] ts=10,072,650  eplen= 4878T  rew=+7.383  start=0.98 completion=1.679 prog=+0.70  win=0  pool=10  speed=24.9  wheelie=0.37 drift=0.04
[iter  1736] ts=10,081,380  eplen= 8730T  rew=+9.099  start=0.98 completion=1.985 prog=+1.01  win=1  pool=10  speed=21.8  wheelie=0.34 drift=0.06
[iter  1737] ts=10,089,438  eplen= 8058T  rew=+12.290  start=0.98 completion=2.432 prog=+1.45  win=1  pool=10  speed=32.6  wheelie=0.34 drift=0.07
[iter  1738] ts=10,096,938  eplen= 7500T  rew=+8.420  start=0.98 completion=1.961 prog=+0.98  win=1  pool=10  speed=27.4  wheelie=0.28 drift=0.07
[iter  1739] ts=10,102,164  eplen= 5226T  rew=+7.157  start=0.98 completion=1.816 prog=+0.84  win=0  pool=10  speed=27.2  wheelie=0.36 drift=0.05
[iter  1740] ts=10,119,180  eplen=17016T  rew=+13.692  start=0.98 completion=2.869 prog=+1.89  win=1  pool=10  speed=22.7  wheelie=0.27 drift=0.10
[iter  1741] ts=10,130,328  eplen=11148T  rew=+9.495  start=0.98 completion=2.341 prog=+1.36  win=1  pool=10  speed=23.5  wheelie=0.34 drift=0.08
[iter  1742] ts=10,136,112  eplen= 5784T  rew=+4.795  start=0.98 completion=1.475 prog=+0.50  win=0  pool=10  speed=14.8  wheelie=0.26 drift=0.05
[iter  1743] ts=10,139,964  eplen= 3852T  rew=+6.841  start=0.98 completion=1.791 prog=+0.81  win=1  pool=10  speed=35.5  wheelie=0.43 drift=0.12
[iter  1744] ts=10,146,774  eplen= 6810T  rew=+4.294  start=0.98 completion=1.572 prog=+0.59  win=0  pool=10  speed=14.0  wheelie=0.45 drift=0.05
[iter  1745] ts=10,152,000  eplen= 5226T  rew=+7.294  start=0.98 completion=1.797 prog=+0.82  win=0  pool=10  speed=30.2  wheelie=0.27 drift=0.06
[iter  1746] ts=10,162,518  eplen=10518T  rew=+14.456  start=0.98 completion=2.670 prog=+1.69  win=1  pool=10  speed=29.6  wheelie=0.29 drift=0.08
[iter  1747] ts=10,177,302  eplen=14784T  rew=+12.216  start=0.98 completion=2.783 prog=+1.81  win=1  pool=10  speed=23.0  wheelie=0.32 drift=0.08
[iter  1748] ts=10,183,638  eplen= 6336T  rew=+6.065  start=0.98 completion=1.857 prog=+0.88  win=1  pool=10  speed=27.1  wheelie=0.35 drift=0.05
[iter  1749] ts=10,194,204  eplen=10566T  rew=+8.327  start=0.98 completion=2.259 prog=+1.28  win=1  pool=10  speed=21.4  wheelie=0.31 drift=0.09
[iter  1750] ts=10,199,160  eplen= 4956T  rew=+7.606  start=0.98 completion=1.800 prog=+0.82  win=0  pool=10  speed=28.1  wheelie=0.34 drift=0.06
[iter  1751] ts=10,209,948  eplen=10788T  rew=+10.372  start=0.98 completion=2.335 prog=+1.36  win=1  pool=10  speed=27.4  wheelie=0.31 drift=0.09
[iter  1752] ts=10,214,304  eplen= 4356T  rew=+7.250  start=0.98 completion=1.771 prog=+0.79  win=0  pool=10  speed=30.1  wheelie=0.39 drift=0.07
[iter  1753] ts=10,219,428  eplen= 5124T  rew=+4.570  start=0.98 completion=1.477 prog=+0.50  win=0  pool=10  speed=17.6  wheelie=0.25 drift=0.06
[iter  1754] ts=10,229,052  eplen= 9624T  rew=+8.251  start=0.98 completion=2.180 prog=+1.20  win=1  pool=10  speed=26.0  wheelie=0.30 drift=0.09
[iter  1755] ts=10,242,774  eplen=13722T  rew=+10.855  start=0.98 completion=2.629 prog=+1.65  win=1  pool=10  speed=24.6  wheelie=0.32 drift=0.09
[iter  1756] ts=10,254,942  eplen=12168T  rew=+10.128  start=0.98 completion=2.534 prog=+1.56  win=1  pool=10  speed=24.5  wheelie=0.32 drift=0.08
[iter  1757] ts=10,258,368  eplen= 3426T  rew=+6.072  start=0.98 completion=1.717 prog=+0.74  win=1  pool=10  speed=35.2  wheelie=0.35 drift=0.14
[iter  1758] ts=10,278,372  eplen=20004   rew=+16.666  start=0.98 completion=3.669 prog=+2.69  win=1  pool=10  speed=22.5  wheelie=0.41 drift=0.06
[iter  1759] ts=10,291,962  eplen=13590T  rew=+8.065  start=0.98 completion=2.434 prog=+1.46  win=1  pool=10  speed=19.1  wheelie=0.28 drift=0.06
[iter  1760] ts=10,296,198  eplen= 4236T  rew=+6.345  start=0.98 completion=1.718 prog=+0.74  win=1  pool=10  speed=30.1  wheelie=0.28 drift=0.09

[shutdown] signal 2 received — finishing current episode then saving.
[iter  1761] ts=10,310,412  eplen=14214   rew=+14.471  start=0.98 completion=2.794 prog=+1.82  win=1  pool=10  speed=27.9  wheelie=0.27 drift=0.07
[shutdown] final checkpoint at ts=10310412
wandb: updating run metadata
wandb: uploading output.log; uploading wandb-summary.json; uploading config.yaml
wandb: uploading output.log
wandb: 
wandb: Run history:
wandb:   rollout/best_race_position ▅▁█▁▁▅▁▁▁▁▁▁▁▁▁▁▁▁█▁▁▁▁▁▁▁▁▁▁▁█▁▁▅▁▁▁█▁▁
wandb:           rollout/brake_frac ▂██▂▁▁▁█▂▂▁▁▁▁▁▁▂▂▁▃▁▁▁▁▁▁▁▁▁▁▁▁▁▁▁▁▁▁▁▁
wandb:           rollout/drift_frac ▅▄█▃▆▂▁▁▄▂▁▁▂▁▂▂▂▁▂▅▂▂▃▅▂▃▃▃▄▄▃▃▂▄▂▃▃▃▅▃
wandb:        rollout/episode_steps ▃▃▂▁▅▁▆▄▅▇▄█▆▅▄▄▄▄▄▃▆▄▅▃▄▃▃▄▃▄▄▅▃▄▃▃▇▄▅▃
wandb:          rollout/finish_rate ▁▁▁▁▁▁▁▁▁▁▁▁▁▁▁▁▁▁▁▁▁▁▁▁▁▁▁▁▁▁▁▁▁▁▁▁▁▁▁▁
wandb:  rollout/mean_episode_reward ▂▁▃▅▃▃▁▆▆▄▃▅▃█▄▆▅▃▆▆▅▆▅▄▅▅▅▄▄▄▅▆▇▆▇▇▅▅▇▆
wandb: rollout/mean_race_completion ▁▁▄▁▁▄▃▄▁▃▄█▂▄▃▄▄▄▄▄▄▄▄▄▄▄▄▄▄▄▄▄▄▄▄▄▄▃▄▅
wandb:           rollout/mean_speed ▂▄▅▄▄▂▅▃▄▄▄▄▅▂▅▃▅▅▆▄▄▆▅▅▃▇▄▆▅▃▆▆▃█▆▇▆▄▁▅
wandb:             rollout/progress ▄▄▄▃▅▃█▄▁█▇▅▇▇██████▇▆█▇█▇█▃███▇████▇▄██
wandb:              rollout/stalled ▁▁▁▁▁▁▁▁▁▁▁▁▁▁▁▁▁▁▁▁▁▁▁▁▁▁▁▁▁▁▁▁▁▁▁▁▁▁▁▁
wandb:                           +9 ...
wandb: 
wandb: Run summary:
wandb:   rollout/best_race_position 1
wandb:           rollout/brake_frac 0.00549
wandb:           rollout/drift_frac 0.07282
wandb:        rollout/episode_steps 14214
wandb:          rollout/finish_rate 0
wandb:  rollout/mean_episode_reward 14.47125
wandb: rollout/mean_race_completion 2.79418
wandb:           rollout/mean_speed 27.93112
wandb:             rollout/progress 1.81678
wandb:              rollout/stalled 0
wandb:                           +9 ...
wandb: 
wandb: 🚀 View run cs377-2v2-mappo-13-2v2items at: https://wandb.ai/checkcheckcheck/mario-kart-rl/runs/34454cdn
wandb: ⭐️ View project at: https://wandb.ai/checkcheckcheck/mario-kart-rl
wandb: Synced 5 W&B file(s), 0 media file(s), 0 artifact file(s) and 0 other file(s)
wandb: Find logs at: ./wandb/run-20260601_163429-34454cdn/logs

A signal was received. A second signal will force Dolphin to stop.
 In exit
caught signal: 15
02/06/2026 04:09:50 deleted 20 tile_row polling images.
obs_size=59  state_size=102  n_actions=21
[checkpoint] resumed from /cs377/marl/results/checkpoints/cs377-2v2-mappo-13-2v2items/checkpoint_10310412_final.pt
wandb: [wandb.login()] Loaded credentials for https://api.wandb.ai from WANDB_API_KEY.
wandb: Currently logged in as: moonlight_ (checkcheckcheck) to https://api.wandb.ai. Use `wandb login --relogin` to force relogin
wandb: Tracking run with wandb version 0.26.1
wandb: Run data is saved locally in /workspace/wandb/run-20260602_043456-v0q4evya
wandb: Run `wandb offline` to turn off syncing.
wandb: Syncing run cs377-2v2-mappo-13-2v2items
wandb: ⭐️ View project at https://wandb.ai/checkcheckcheck/mario-kart-rl
wandb: 🚀 View run at https://wandb.ai/checkcheckcheck/mario-kart-rl/runs/v0q4evya
The XKEYBOARD keymap compiler (xkbcomp) reports:
> Warning:          Could not resolve keysym XF86CameraAccessEnable
> Warning:          Could not resolve keysym XF86CameraAccessDisable
> Warning:          Could not resolve keysym XF86CameraAccessToggle
> Warning:          Could not resolve keysym XF86NextElement
> Warning:          Could not resolve keysym XF86PreviousElement
> Warning:          Could not resolve keysym XF86AutopilotEngageToggle
> Warning:          Could not resolve keysym XF86MarkWaypoint
> Warning:          Could not resolve keysym XF86Sos
> Warning:          Could not resolve keysym XF86NavChart
> Warning:          Could not resolve keysym XF86FishingChart
> Warning:          Could not resolve keysym XF86SingleRangeRadar
> Warning:          Could not resolve keysym XF86DualRangeRadar
> Warning:          Could not resolve keysym XF86RadarOverlay
> Warning:          Could not resolve keysym XF86TraditionalSonar
> Warning:          Could not resolve keysym XF86ClearvuSonar
> Warning:          Could not resolve keysym XF86SidevuSonar
> Warning:          Could not resolve keysym XF86NavInfo
Errors from xkbcomp are not fatal to the X server
02/06/2026 04:34:57 passing arg to libvncserver: -rfbport
02/06/2026 04:34:57 passing arg to libvncserver: 5900
02/06/2026 04:34:57 x11vnc version: 0.9.16 lastmod: 2019-01-05  pid: 12854
02/06/2026 04:34:57 Using X display :0
02/06/2026 04:34:57 rootwin: 0x3a7 reswin: 0x200001 dpy: 0x6482a3f0
02/06/2026 04:34:57 
02/06/2026 04:34:57 ------------------ USEFUL INFORMATION ------------------
02/06/2026 04:34:57 X DAMAGE available on display, using it for polling hints.
02/06/2026 04:34:57   To disable this behavior use: '-noxdamage'
02/06/2026 04:34:57 
02/06/2026 04:34:57   Most compositing window managers like 'compiz' or 'beryl'
02/06/2026 04:34:57   cause X DAMAGE to fail, and so you may not see any screen
02/06/2026 04:34:57   updates via VNC.  Either disable 'compiz' (recommended) or
02/06/2026 04:34:57   supply the x11vnc '-noxdamage' command line option.
02/06/2026 04:34:57 
02/06/2026 04:34:57 Wireframing: -wireframe mode is in effect for window moves.
02/06/2026 04:34:57   If this yields undesired behavior (poor response, painting
02/06/2026 04:34:57   errors, etc) it may be disabled:
02/06/2026 04:34:57    - use '-nowf' to disable wireframing completely.
02/06/2026 04:34:57    - use '-nowcr' to disable the Copy Rectangle after the
02/06/2026 04:34:57      moved window is released in the new position.
02/06/2026 04:34:57   Also see the -help entry for tuning parameters.
02/06/2026 04:34:57   You can press 3 Alt_L's (Left "Alt" key) in a row to 
02/06/2026 04:34:57   repaint the screen, also see the -fixscreen option for
02/06/2026 04:34:57   periodic repaints.
02/06/2026 04:34:57 
02/06/2026 04:34:57 XFIXES available on display, resetting cursor mode
02/06/2026 04:34:57   to: '-cursor most'.
02/06/2026 04:34:57   to disable this behavior use: '-cursor arrow'
02/06/2026 04:34:57   or '-noxfixes'.
02/06/2026 04:34:57 using XFIXES for cursor drawing.
02/06/2026 04:34:57 GrabServer control via XTEST.
02/06/2026 04:34:57 
02/06/2026 04:34:57 Scroll Detection: -scrollcopyrect mode is in effect to
02/06/2026 04:34:57   use RECORD extension to try to detect scrolling windows
02/06/2026 04:34:57   (induced by either user keystroke or mouse input).
02/06/2026 04:34:57   If this yields undesired behavior (poor response, painting
02/06/2026 04:34:57   errors, etc) it may be disabled via: '-noscr'
02/06/2026 04:34:57   Also see the -help entry for tuning parameters.
02/06/2026 04:34:57   You can press 3 Alt_L's (Left "Alt" key) in a row to 
02/06/2026 04:34:57   repaint the screen, also see the -fixscreen option for
02/06/2026 04:34:57   periodic repaints.
02/06/2026 04:34:57 
02/06/2026 04:34:57 XKEYBOARD: number of keysyms per keycode 7 is greater
02/06/2026 04:34:57   than 4 and 51 keysyms are mapped above 4.
02/06/2026 04:34:57   Automatically switching to -xkb mode.
02/06/2026 04:34:57   If this makes the key mapping worse you can
02/06/2026 04:34:57   disable it with the "-noxkb" option.
02/06/2026 04:34:57   Also, remember "-remap DEAD" for accenting characters.
02/06/2026 04:34:57 
02/06/2026 04:34:57 X FBPM extension not supported.
Xlib:  extension "DPMS" missing on display ":0".
02/06/2026 04:34:57 X display is not capable of DPMS.
02/06/2026 04:34:57 --------------------------------------------------------
02/06/2026 04:34:57 
02/06/2026 04:34:57 Default visual ID: 0x21
02/06/2026 04:34:57 Read initial data from X display into framebuffer.
02/06/2026 04:34:57 initialize_screen: fb_depth/fb_bpp/fb_Bpl 24/32/2560
02/06/2026 04:34:57 
02/06/2026 04:34:57 X display :0 is 32bpp depth=24 true color
02/06/2026 04:34:57 
02/06/2026 04:34:57 Listening for VNC connections on TCP port 5900
02/06/2026 04:34:57 Listening for VNC connections on TCP6 port 5900
02/06/2026 04:34:57 listen6: bind: Address already in use
02/06/2026 04:34:57 Not listening on IPv6 interface.
02/06/2026 04:34:57 
02/06/2026 04:34:57 Xinerama is present and active (e.g. multi-head).
02/06/2026 04:34:57 Xinerama: number of sub-screens: 1
02/06/2026 04:34:57 Xinerama: no blackouts needed (only one sub-screen)
02/06/2026 04:34:57 
02/06/2026 04:34:57 fb read rate: 1003 MB/sec
02/06/2026 04:34:57 fast read: reset -wait  ms to: 10
02/06/2026 04:34:57 fast read: reset -defer ms to: 10
02/06/2026 04:34:57 The X server says there are 10 mouse buttons.
02/06/2026 04:34:57 screen setup finished.
02/06/2026 04:34:57 

The VNC desktop is:      1c49e4efd1c2:0

******************************************************************************
Have you tried the x11vnc '-ncache' VNC client-side pixel caching feature yet?

The scheme stores pixel data offscreen on the VNC viewer side for faster
retrieval.  It should work with any VNC viewer.  Try it by running:

    x11vnc -ncache 10 ...

One can also add -ncache_cr for smooth 'copyrect' window motion.
More info: http://www.karlrunge.com/x11vnc/faq.html#faq-client-caching

QStandardPaths: XDG_RUNTIME_DIR not set, defaulting to '/tmp/runtime-root'
sh: 1: xdg-mime: not found
WebSocket server settings:
  - Listen on :6080
  - Web server. Web root: /usr/share/novnc
  - No SSL/TLS support (no cert file)
  - proxying from :6080 to localhost:5900
ALSA lib confmisc.c:855:(parse_card) cannot find card '0'
ALSA lib conf.c:5204:(_snd_config_evaluate) function snd_func_card_inum returned error: No such file or directory
ALSA lib confmisc.c:422:(snd_func_concat) error evaluating strings
ALSA lib conf.c:5204:(_snd_config_evaluate) function snd_func_concat returned error: No such file or directory
ALSA lib confmisc.c:1342:(snd_func_refer) error evaluating name
ALSA lib conf.c:5204:(_snd_config_evaluate) function snd_func_refer returned error: No such file or directory
ALSA lib conf.c:5727:(snd_config_expand) Evaluate error: No such file or directory
ALSA lib pcm.c:2721:(snd_pcm_open_noupdate) Unknown PCM default
diverse starts: 1 options (0 at start line, 1 mid-track)
[iter     1] ts=    16,560  eplen=16560T  rew=+27.399  start=0.98 completion=4.408 prog=+3.43  win=1  pool=1  speed=36.4  wheelie=0.27 drift=0.08
[iter     2] ts=    29,922  eplen=13362T  rew=+15.003  start=0.98 completion=2.735 prog=+1.76  win=0  pool=1  speed=26.7  wheelie=0.26 drift=0.06

[shutdown] signal 2 received — finishing current episode then saving.
[iter     3] ts=    33,246  eplen= 3324   rew=+5.066  start=0.98 completion=1.455 prog=+0.48  win=0  pool=1  speed=26.2  wheelie=0.19 drift=0.06
[shutdown] final checkpoint at ts=33246
wandb: updating run metadata
wandb: uploading history steps 1-2, summary, console lines 3-6
wandb: 
wandb: Run history:
wandb:   rollout/best_race_position ▁██
wandb:           rollout/brake_frac ▇█▁
wandb:           rollout/drift_frac █▂▁
wandb:        rollout/episode_steps █▆▁
wandb:          rollout/finish_rate ▁▁▁
wandb:  rollout/mean_episode_reward █▄▁
wandb: rollout/mean_race_completion █▄▁
wandb:           rollout/mean_speed █▁▁
wandb:             rollout/progress █▄▁
wandb:              rollout/stalled ██▁
wandb:                           +9 ...
wandb: 
wandb: Run summary:
wandb:   rollout/best_race_position 3
wandb:           rollout/brake_frac 0
wandb:           rollout/drift_frac 0.06047
wandb:        rollout/episode_steps 3324
wandb:          rollout/finish_rate 0
wandb:  rollout/mean_episode_reward 5.0658
wandb: rollout/mean_race_completion 1.45483
wandb:           rollout/mean_speed 26.172
wandb:             rollout/progress 0.47743
wandb:              rollout/stalled 0
wandb:                           +9 ...
wandb: 
wandb: 🚀 View run cs377-2v2-mappo-13-2v2items at: https://wandb.ai/checkcheckcheck/mario-kart-rl/runs/v0q4evya
wandb: ⭐️ View project at: https://wandb.ai/checkcheckcheck/mario-kart-rl
wandb: Synced 5 W&B file(s), 0 media file(s), 0 artifact file(s) and 0 other file(s)
wandb: Find logs at: ./wandb/run-20260602_043456-v0q4evya/logs

A signal was received. A second signal will force Dolphin to stop.
 In exit
caught signal: 15
02/06/2026 04:37:31 deleted 20 tile_row polling images.
obs_size=59  state_size=102  n_actions=21
[checkpoint] resumed from /cs377/marl/results/checkpoints/cs377-2v2-mappo-13-2v2items/checkpoint_33246_final.pt
wandb: [wandb.login()] Loaded credentials for https://api.wandb.ai from WANDB_API_KEY.
wandb: Currently logged in as: moonlight_ (checkcheckcheck) to https://api.wandb.ai. Use `wandb login --relogin` to force relogin
wandb: Tracking run with wandb version 0.26.1
wandb: Run data is saved locally in /workspace/wandb/run-20260602_045501-907epd6y
wandb: Run `wandb offline` to turn off syncing.
wandb: Syncing run cs377-2v2-mappo-13-2v2items
wandb: ⭐️ View project at https://wandb.ai/checkcheckcheck/mario-kart-rl
wandb: 🚀 View run at https://wandb.ai/checkcheckcheck/mario-kart-rl/runs/907epd6y
The XKEYBOARD keymap compiler (xkbcomp) reports:
> Warning:          Could not resolve keysym XF86CameraAccessEnable
> Warning:          Could not resolve keysym XF86CameraAccessDisable
> Warning:          Could not resolve keysym XF86CameraAccessToggle
> Warning:          Could not resolve keysym XF86NextElement
> Warning:          Could not resolve keysym XF86PreviousElement
> Warning:          Could not resolve keysym XF86AutopilotEngageToggle
> Warning:          Could not resolve keysym XF86MarkWaypoint
> Warning:          Could not resolve keysym XF86Sos
> Warning:          Could not resolve keysym XF86NavChart
> Warning:          Could not resolve keysym XF86FishingChart
> Warning:          Could not resolve keysym XF86SingleRangeRadar
> Warning:          Could not resolve keysym XF86DualRangeRadar
> Warning:          Could not resolve keysym XF86RadarOverlay
> Warning:          Could not resolve keysym XF86TraditionalSonar
> Warning:          Could not resolve keysym XF86ClearvuSonar
> Warning:          Could not resolve keysym XF86SidevuSonar
> Warning:          Could not resolve keysym XF86NavInfo
Errors from xkbcomp are not fatal to the X server
02/06/2026 04:55:02 passing arg to libvncserver: -rfbport
02/06/2026 04:55:02 passing arg to libvncserver: 5900
02/06/2026 04:55:02 x11vnc version: 0.9.16 lastmod: 2019-01-05  pid: 14485
02/06/2026 04:55:02 Using X display :0
02/06/2026 04:55:02 rootwin: 0x3a7 reswin: 0x200001 dpy: 0xb01043f0
02/06/2026 04:55:02 
02/06/2026 04:55:02 ------------------ USEFUL INFORMATION ------------------
02/06/2026 04:55:02 X DAMAGE available on display, using it for polling hints.
02/06/2026 04:55:02   To disable this behavior use: '-noxdamage'
02/06/2026 04:55:02 
02/06/2026 04:55:02   Most compositing window managers like 'compiz' or 'beryl'
02/06/2026 04:55:02   cause X DAMAGE to fail, and so you may not see any screen
02/06/2026 04:55:02   updates via VNC.  Either disable 'compiz' (recommended) or
02/06/2026 04:55:02   supply the x11vnc '-noxdamage' command line option.
02/06/2026 04:55:02 
02/06/2026 04:55:02 Wireframing: -wireframe mode is in effect for window moves.
02/06/2026 04:55:02   If this yields undesired behavior (poor response, painting
02/06/2026 04:55:02   errors, etc) it may be disabled:
02/06/2026 04:55:02    - use '-nowf' to disable wireframing completely.
02/06/2026 04:55:02    - use '-nowcr' to disable the Copy Rectangle after the
02/06/2026 04:55:02      moved window is released in the new position.
02/06/2026 04:55:02   Also see the -help entry for tuning parameters.
02/06/2026 04:55:02   You can press 3 Alt_L's (Left "Alt" key) in a row to 
02/06/2026 04:55:02   repaint the screen, also see the -fixscreen option for
02/06/2026 04:55:02   periodic repaints.
02/06/2026 04:55:02 
02/06/2026 04:55:02 XFIXES available on display, resetting cursor mode
02/06/2026 04:55:02   to: '-cursor most'.
02/06/2026 04:55:02   to disable this behavior use: '-cursor arrow'
02/06/2026 04:55:02   or '-noxfixes'.
02/06/2026 04:55:02 using XFIXES for cursor drawing.
02/06/2026 04:55:02 GrabServer control via XTEST.
02/06/2026 04:55:02 
02/06/2026 04:55:02 Scroll Detection: -scrollcopyrect mode is in effect to
02/06/2026 04:55:02   use RECORD extension to try to detect scrolling windows
02/06/2026 04:55:02   (induced by either user keystroke or mouse input).
02/06/2026 04:55:02   If this yields undesired behavior (poor response, painting
02/06/2026 04:55:02   errors, etc) it may be disabled via: '-noscr'
02/06/2026 04:55:02   Also see the -help entry for tuning parameters.
02/06/2026 04:55:02   You can press 3 Alt_L's (Left "Alt" key) in a row to 
02/06/2026 04:55:02   repaint the screen, also see the -fixscreen option for
02/06/2026 04:55:02   periodic repaints.
02/06/2026 04:55:02 
02/06/2026 04:55:02 XKEYBOARD: number of keysyms per keycode 7 is greater
02/06/2026 04:55:02   than 4 and 51 keysyms are mapped above 4.
02/06/2026 04:55:02   Automatically switching to -xkb mode.
02/06/2026 04:55:02   If this makes the key mapping worse you can
02/06/2026 04:55:02   disable it with the "-noxkb" option.
02/06/2026 04:55:02   Also, remember "-remap DEAD" for accenting characters.
02/06/2026 04:55:02 
02/06/2026 04:55:02 X FBPM extension not supported.
Xlib:  extension "DPMS" missing on display ":0".
02/06/2026 04:55:02 X display is not capable of DPMS.
02/06/2026 04:55:02 --------------------------------------------------------
02/06/2026 04:55:02 
02/06/2026 04:55:02 Default visual ID: 0x21
02/06/2026 04:55:02 Read initial data from X display into framebuffer.
02/06/2026 04:55:02 initialize_screen: fb_depth/fb_bpp/fb_Bpl 24/32/2560
02/06/2026 04:55:02 
02/06/2026 04:55:02 X display :0 is 32bpp depth=24 true color
02/06/2026 04:55:02 
02/06/2026 04:55:02 Listening for VNC connections on TCP port 5900
02/06/2026 04:55:02 Listening for VNC connections on TCP6 port 5900
02/06/2026 04:55:02 listen6: bind: Address already in use
02/06/2026 04:55:02 Not listening on IPv6 interface.
02/06/2026 04:55:02 
02/06/2026 04:55:02 Xinerama is present and active (e.g. multi-head).
02/06/2026 04:55:02 Xinerama: number of sub-screens: 1
02/06/2026 04:55:02 Xinerama: no blackouts needed (only one sub-screen)
02/06/2026 04:55:02 
02/06/2026 04:55:02 fb read rate: 1111 MB/sec
02/06/2026 04:55:02 fast read: reset -wait  ms to: 10
02/06/2026 04:55:02 fast read: reset -defer ms to: 10
02/06/2026 04:55:02 The X server says there are 10 mouse buttons.
02/06/2026 04:55:02 screen setup finished.
02/06/2026 04:55:02 

The VNC desktop is:      1c49e4efd1c2:0

******************************************************************************
Have you tried the x11vnc '-ncache' VNC client-side pixel caching feature yet?

The scheme stores pixel data offscreen on the VNC viewer side for faster
retrieval.  It should work with any VNC viewer.  Try it by running:

    x11vnc -ncache 10 ...

One can also add -ncache_cr for smooth 'copyrect' window motion.
More info: http://www.karlrunge.com/x11vnc/faq.html#faq-client-caching

QStandardPaths: XDG_RUNTIME_DIR not set, defaulting to '/tmp/runtime-root'
sh: 1: xdg-mime: not found
WebSocket server settings:
  - Listen on :6080
  - Web server. Web root: /usr/share/novnc
  - No SSL/TLS support (no cert file)
  - proxying from :6080 to localhost:5900
ALSA lib confmisc.c:855:(parse_card) cannot find card '0'
ALSA lib conf.c:5204:(_snd_config_evaluate) function snd_func_card_inum returned error: No such file or directory
ALSA lib confmisc.c:422:(snd_func_concat) error evaluating strings
ALSA lib conf.c:5204:(_snd_config_evaluate) function snd_func_concat returned error: No such file or directory
ALSA lib confmisc.c:1342:(snd_func_refer) error evaluating name
ALSA lib conf.c:5204:(_snd_config_evaluate) function snd_func_refer returned error: No such file or directory
ALSA lib conf.c:5727:(snd_config_expand) Evaluate error: No such file or directory
ALSA lib pcm.c:2721:(snd_pcm_open_noupdate) Unknown PCM default
diverse starts: 1 options (0 at start line, 1 mid-track)
[iter     1] ts=     6,444  eplen= 6444T  rew=+8.463  start=0.98 completion=1.849 prog=+0.87  win=0  pool=1  speed=29.4  wheelie=0.24 drift=0.09
[iter     2] ts=    20,916  eplen=14472T  rew=+11.240  start=0.98 completion=2.621 prog=+1.64  win=1  pool=1  speed=19.9  wheelie=0.25 drift=0.06
[iter     3] ts=    31,146  eplen=10230T  rew=+13.586  start=0.98 completion=2.712 prog=+1.73  win=1  pool=1  speed=30.0  wheelie=0.30 drift=0.06
[iter     4] ts=    41,028  eplen= 9882T  rew=+12.335  start=0.98 completion=2.411 prog=+1.43  win=1  pool=1  speed=27.3  wheelie=0.23 drift=0.07
[iter     5] ts=    44,796  eplen= 3768T  rew=+5.187  start=0.98 completion=1.562 prog=+0.58  win=0  pool=1  speed=26.5  wheelie=0.27 drift=0.09
[iter     6] ts=    55,410  eplen=10614T  rew=+13.939  start=0.98 completion=2.587 prog=+1.61  win=0  pool=1  speed=29.9  wheelie=0.24 drift=0.08
[iter     7] ts=    60,918  eplen= 5508T  rew=+7.757  start=0.98 completion=1.835 prog=+0.86  win=0  pool=1  speed=30.5  wheelie=0.28 drift=0.07
[iter     8] ts=    80,922  eplen=20004   rew=+13.107  start=0.98 completion=2.938 prog=+1.96  win=0  pool=1  speed=19.2  wheelie=0.20 drift=0.05
[iter     9] ts=    87,534  eplen= 6612T  rew=+8.810  start=0.98 completion=1.941 prog=+0.96  win=0  pool=1  speed=28.2  wheelie=0.22 drift=0.07
[iter    10] ts=   107,538  eplen=20004   rew=+14.223  start=0.98 completion=3.188 prog=+2.21  win=1  pool=1  speed=21.3  wheelie=0.24 drift=0.09
[iter    11] ts=   125,538  eplen=18000T  rew=+20.466  start=0.98 completion=3.791 prog=+2.81  win=1  pool=1  speed=26.7  wheelie=0.33 drift=0.08
[iter    12] ts=   137,304  eplen=11766T  rew=+15.502  start=0.98 completion=2.825 prog=+1.85  win=0  pool=1  speed=27.7  wheelie=0.32 drift=0.08
[iter    13] ts=   157,308  eplen=20004   rew=+22.222  start=0.98 completion=3.437 prog=+2.46  win=0  pool=1  speed=27.6  wheelie=0.28 drift=0.07
[iter    14] ts=   168,762  eplen=11454T  rew=+11.336  start=0.98 completion=2.375 prog=+1.40  win=1  pool=1  speed=27.8  wheelie=0.27 drift=0.09
[iter    15] ts=   174,522  eplen= 5760T  rew=+5.398  start=0.98 completion=1.508 prog=+0.53  win=0  pool=1  speed=17.7  wheelie=0.23 drift=0.05
[iter    16] ts=   185,574  eplen=11052T  rew=+16.583  start=0.98 completion=2.808 prog=+1.83  win=1  pool=1  speed=29.0  wheelie=0.30 drift=0.07
[iter    17] ts=   194,286  eplen= 8712T  rew=+9.084  start=0.98 completion=2.130 prog=+1.15  win=0  pool=1  speed=25.8  wheelie=0.25 drift=0.08
